Sender_Node,Sender_MAC,Receiver_Node,Receiver_MAC,Timestamp,RSSI,LQI,Diff_RSSI
Node_A,AE:F7:83:9A:A9:52:C5:CD,Node_B,66:3D:FF:91:0C:09:14:A5,2026-03-06 21:57:14.638,-48,180,0
Node_A,AE:F7:83:9A:A9:52:C5:CD,Node_B,66:3D:FF:91:0C:09:14:A5,2026-03-06 21:57:14.739,-48,180,0
Node_A,AE:F7:83:9A:A9:52:C5:CD,Node_B,66:3D:FF:91:0C:09:14:A5,2026-03-06 21:57:14.837,-47,184,1
Node_A,AE:F7:83:9A:A9:52:C5:CD,Node_B,66:3D:FF:91:0C:09:14:A5,2026-03-06 21:57:14.938,-48,180,-1
Node_A,AE:F7:83:9A:A9:52:C5:CD,Node_B,66:3D:FF:91:0C:09:14:A5,2026-03-06 21:57:15.039,-48,180,0
Node_A,AE:F7:83:9A:A9:52:C5:CD,Node_B,66:3D:FF:91:0C:09:14:A5,2026-03-06 21:57:15.138,-48,180,0
Node_A,AE:F7:83:9A:A9:52:C5:CD,Node_B,66:3D:FF:91:0C:09:14:A5,2026-03-06 21:57:15.239,-48,180,0
Node_A,AE:F7:83:9A:A9:52:C5:CD,Node_B,66:3D:FF:91:0C:09:14:A5,2026-03-06 21:57:15.341,-48,180,0
Node_A,AE:F7:83:9A:A9:52:C5:CD,Node_B,66:3D:FF:91:0C:09:14:A5,2026-03-06 21:57:15.441,-48,180,0
Node_A,AE:F7:83:9A:A9:52:C5:CD,Node_B,66:3D:FF:91:0C:09:14:A5,2026-03-06 21:57:15.541,-48,180,0
Node_A,AE:F7:83:9A:A9:52:C5:CD,Node_B,66:3D:FF:91:0C:09:14:A5,2026-03-06 21:57:15.641,-47,184,1
Node_A,AE:F7:83:9A:A9:52:C5:CD,Node_B,66:3D:FF:91:0C:09:14:A5,2026-03-06 21:57:15.742,-47,184,0
Node_A,AE:F7:83:9A:A9:52:C5:CD,Node_B,66:3D:FF:91:0C:09:14:A5,2026-03-06 21:57:15.843,-47,184,0
Node_A,AE:F7:83:9A:A9:52:C5:CD,Node_B,66:3D:FF:91:0C:09:14:A5,2026-03-06 21:57:15.943,-47,184,0
Node_A,AE:F7:83:9A:A9:52:C5:CD,Node_B,66:3D:FF:91:0C:09:14:A5,2026-03-06 21:57:16.043,-47,184,0
Node_A,AE:F7:83:9A:A9:52:C5:CD,Node_B,66:3D:FF:91:0C:09:14:A5,2026-03-06 21:57:16.141,-47,184,0
Node_A,AE:F7:83:9A:A9:52:C5:CD,Node_B,66:3D:FF:91:0C:09:14:A5,2026-03-06 21:57:16.242,-47,184,0
Node_A,AE:F7:83:9A:A9:52:C5:CD,Node_B,66:3D:FF:91:0C:09:14:A5,2026-03-06 21:57:16.344,-47,184,0
Node_A,AE:F7:83:9A:A9:52:C5:CD,Node_B,66:3D:FF:91:0C:09:14:A5,2026-03-06 21:57:16.444,-47,184,0
Node_A,AE:F7:83:9A:A9:52:C5:CD,Node_B,66:3D:FF:91:0C:09:14:A5,2026-03-06 21:57:16.543,-47,184,0
Node_A,AE:F7:83:9A:A9:52:C5:CD,Node_B,66:3D:FF:91:0C:09:14:A5,2026-03-06 21:57:16.643,-47,184,0
Node_A,AE:F7:83:9A:A9:52:C5:CD,Node_B,66:3D:FF:91:0C:09:14:A5,2026-03-06 21:57:16.745,-47,184,0
Node_A,AE:F7:83:9A:A9:52:C5:CD,Node_B,66:3D:FF:91:0C:09:14:A5,2026-03-06 21:57:16.845,-47,184,0
Node_A,AE:F7:83:9A:A9:52:C5:CD,Node_B,66:3D:FF:91:0C:09:14:A5,2026-03-06 21:57:16.945,-48,180,-1
Node_A,AE:F7:83:9A:A9:52:C5:CD,Node_B,66:3D:FF:91:0C:09:14:A5,2026-03-06 21:57:17.045,-48,180,0
Node_A,AE:F7:83:9A:A9:52:C5:CD,Node_B,66:3D:FF:91:0C:09:14:A5,2026-03-06 21:57:17.146,-48,180,0
Node_A,AE:F7:83:9A:A9:52:C5:CD,Node_B,66:3D:FF:91:0C:09:14:A5,2026-03-06 21:57:17.246,-48,180,0
Node_A,AE:F7:83:9A:A9:52:C5:CD,Node_B,66:3D:FF:91:0C:09:14:A5,2026-03-06 21:57:17.346,-48,180,0
Node_A,AE:F7:83:9A:A9:52:C5:CD,Node_B,66:3D:FF:91:0C:09:14:A5,2026-03-06 21:57:17.447,-48,180,0
Node_A,AE:F7:83:9A:A9:52:C5:CD,Node_B,66:3D:FF:91:0C:09:14:A5,2026-03-06 21:57:17.547,-48,180,0
Node_A,AE:F7:83:9A:A9:52:C5:CD,Node_B,66:3D:FF:91:0C:09:14:A5,2026-03-06 21:57:17.648,-48,180,0
Node_A,AE:F7:83:9A:A9:52:C5:CD,Node_B,66:3D:FF:91:0C:09:14:A5,2026-03-06 21:57:17.747,-48,180,0
Node_A,AE:F7:83:9A:A9:52:C5:CD,Node_B,66:3D:FF:91:0C:09:14:A5,2026-03-06 21:57:17.848,-48,180,0
Node_A,AE:F7:83:9A:A9:52:C5:CD,Node_B,66:3D:FF:91:0C:09:14:A5,2026-03-06 21:57:17.947,-48,180,0
Node_A,AE:F7:83:9A:A9:52:C5:CD,Node_B,66:3D:FF:91:0C:09:14:A5,2026-03-06 21:57:18.049,-48,180,0
Node_A,AE:F7:83:9A:A9:52:C5:CD,Node_B,66:3D:FF:91:0C:09:14:A5,2026-03-06 21:57:18.149,-48,180,0
Node_A,AE:F7:83:9A:A9:52:C5:CD,Node_B,66:3D:FF:91:0C:09:14:A5,2026-03-06 21:57:18.348,-49,176,-1
Node_A,AE:F7:83:9A:A9:52:C5:CD,Node_B,66:3D:FF:91:0C:09:14:A5,2026-03-06 21:57:18.450,-49,176,0
Node_A,AE:F7:83:9A:A9:52:C5:CD,Node_B,66:3D:FF:91:0C:09:14:A5,2026-03-06 21:57:18.550,-49,176,0
Node_A,AE:F7:83:9A:A9:52:C5:CD,Node_B,66:3D:FF:91:0C:09:14:A5,2026-03-06 21:57:18.650,-49,176,0
Node_A,AE:F7:83:9A:A9:52:C5:CD,Node_B,66:3D:FF:91:0C:09:14:A5,2026-03-06 21:57:18.750,-48,180,1
Node_A,AE:F7:83:9A:A9:52:C5:CD,Node_B,66:3D:FF:91:0C:09:14:A5,2026-03-06 21:57:18.849,-48,180,0
Node_A,AE:F7:83:9A:A9:52:C5:CD,Node_B,66:3D:FF:91:0C:09:14:A5,2026-03-06 21:57:18.951,-48,180,0
Node_A,AE:F7:83:9A:A9:52:C5:CD,Node_B,66:3D:FF:91:0C:09:14:A5,2026-03-06 21:57:19.050,-48,180,0
Node_A,AE:F7:83:9A:A9:52:C5:CD,Node_B,66:3D:FF:91:0C:09:14:A5,2026-03-06 21:57:19.151,-48,180,0
Node_A,AE:F7:83:9A:A9:52:C5:CD,Node_B,66:3D:FF:91:0C:09:14:A5,2026-03-06 21:57:19.252,-48,180,0
Node_A,AE:F7:83:9A:A9:52:C5:CD,Node_B,66:3D:FF:91:0C:09:14:A5,2026-03-06 21:57:19.352,-48,180,0
Node_A,AE:F7:83:9A:A9:52:C5:CD,Node_B,66:3D:FF:91:0C:09:14:A5,2026-03-06 21:57:19.453,-48,180,0
Node_A,AE:F7:83:9A:A9:52:C5:CD,Node_B,66:3D:FF:91:0C:09:14:A5,2026-03-06 21:57:19.553,-48,180,0
Node_A,AE:F7:83:9A:A9:52:C5:CD,Node_B,66:3D:FF:91:0C:09:14:A5,2026-03-06 21:57:19.652,-49,176,-1
Node_A,AE:F7:83:9A:A9:52:C5:CD,Node_B,66:3D:FF:91:0C:09:14:A5,2026-03-06 21:57:19.752,-49,176,0
Node_A,AE:F7:83:9A:A9:52:C5:CD,Node_B,66:3D:FF:91:0C:09:14:A5,2026-03-06 21:57:19.853,-49,176,0
Node_A,AE:F7:83:9A:A9:52:C5:CD,Node_B,66:3D:FF:91:0C:09:14:A5,2026-03-06 21:57:19.954,-49,176,0
Node_A,AE:F7:83:9A:A9:52:C5:CD,Node_B,66:3D:FF:91:0C:09:14:A5,2026-03-06 21:57:20.053,-49,176,0
Node_A,AE:F7:83:9A:A9:52:C5:CD,Node_B,66:3D:FF:91:0C:09:14:A5,2026-03-06 21:57:20.154,-49,176,0
Node_A,AE:F7:83:9A:A9:52:C5:CD,Node_B,66:3D:FF:91:0C:09:14:A5,2026-03-06 21:57:20.255,-49,176,0
Node_A,AE:F7:83:9A:A9:52:C5:CD,Node_B,66:3D:FF:91:0C:09:14:A5,2026-03-06 21:57:20.355,-49,176,0
Node_A,AE:F7:83:9A:A9:52:C5:CD,Node_B,66:3D:FF:91:0C:09:14:A5,2026-03-06 21:57:20.455,-49,176,0
Node_A,AE:F7:83:9A:A9:52:C5:CD,Node_B,66:3D:FF:91:0C:09:14:A5,2026-03-06 21:57:20.556,-49,176,0
Node_A,AE:F7:83:9A:A9:52:C5:CD,Node_B,66:3D:FF:91:0C:09:14:A5,2026-03-06 21:57:20.656,-49,176,0
Node_A,AE:F7:83:9A:A9:52:C5:CD,Node_B,66:3D:FF:91:0C:09:14:A5,2026-03-06 21:57:20.757,-49,176,0
Node_A,AE:F7:83:9A:A9:52:C5:CD,Node_B,66:3D:FF:91:0C:09:14:A5,2026-03-06 21:57:20.858,-50,172,-1
Node_A,AE:F7:83:9A:A9:52:C5:CD,Node_B,66:3D:FF:91:0C:09:14:A5,2026-03-06 21:57:20.958,-49,176,1
Node_A,AE:F7:83:9A:A9:52:C5:CD,Node_B,66:3D:FF:91:0C:09:14:A5,2026-03-06 21:57:21.058,-49,176,0
Node_A,AE:F7:83:9A:A9:52:C5:CD,Node_B,66:3D:FF:91:0C:09:14:A5,2026-03-06 21:57:21.157,-49,176,0
Node_A,AE:F7:83:9A:A9:52:C5:CD,Node_B,66:3D:FF:91:0C:09:14:A5,2026-03-06 21:57:21.258,-50,172,-1
Node_A,AE:F7:83:9A:A9:52:C5:CD,Node_B,66:3D:FF:91:0C:09:14:A5,2026-03-06 21:57:21.357,-49,176,1
Node_A,AE:F7:83:9A:A9:52:C5:CD,Node_B,66:3D:FF:91:0C:09:14:A5,2026-03-06 21:57:21.458,-49,176,0
Node_A,AE:F7:83:9A:A9:52:C5:CD,Node_B,66:3D:FF:91:0C:09:14:A5,2026-03-06 21:57:21.560,-49,176,0
Node_A,AE:F7:83:9A:A9:52:C5:CD,Node_B,66:3D:FF:91:0C:09:14:A5,2026-03-06 21:57:21.659,-49,176,0
Node_A,AE:F7:83:9A:A9:52:C5:CD,Node_B,66:3D:FF:91:0C:09:14:A5,2026-03-06 21:57:21.759,-49,176,0
Node_A,AE:F7:83:9A:A9:52:C5:CD,Node_B,66:3D:FF:91:0C:09:14:A5,2026-03-06 21:57:21.859,-49,176,0
Node_A,AE:F7:83:9A:A9:52:C5:CD,Node_B,66:3D:FF:91:0C:09:14:A5,2026-03-06 21:57:21.960,-49,176,0
Node_A,AE:F7:83:9A:A9:52:C5:CD,Node_B,66:3D:FF:91:0C:09:14:A5,2026-03-06 21:57:22.061,-49,176,0
Node_A,AE:F7:83:9A:A9:52:C5:CD,Node_B,66:3D:FF:91:0C:09:14:A5,2026-03-06 21:57:22.162,-49,176,0
Node_A,AE:F7:83:9A:A9:52:C5:CD,Node_B,66:3D:FF:91:0C:09:14:A5,2026-03-06 21:57:22.261,-49,176,0
Node_A,AE:F7:83:9A:A9:52:C5:CD,Node_B,66:3D:FF:91:0C:09:14:A5,2026-03-06 21:57:22.360,-49,176,0
Node_A,AE:F7:83:9A:A9:52:C5:CD,Node_B,66:3D:FF:91:0C:09:14:A5,2026-03-06 21:57:22.461,-49,176,0
Node_A,AE:F7:83:9A:A9:52:C5:CD,Node_B,66:3D:FF:91:0C:09:14:A5,2026-03-06 21:57:22.562,-49,176,0
Node_A,AE:F7:83:9A:A9:52:C5:CD,Node_B,66:3D:FF:91:0C:09:14:A5,2026-03-06 21:57:22.663,-49,176,0
Node_A,AE:F7:83:9A:A9:52:C5:CD,Node_B,66:3D:FF:91:0C:09:14:A5,2026-03-06 21:57:22.763,-50,172,-1
Node_A,AE:F7:83:9A:A9:52:C5:CD,Node_B,66:3D:FF:91:0C:09:14:A5,2026-03-06 21:57:22.863,-49,176,1
Node_A,AE:F7:83:9A:A9:52:C5:CD,Node_B,66:3D:FF:91:0C:09:14:A5,2026-03-06 21:57:22.963,-49,176,0
Node_A,AE:F7:83:9A:A9:52:C5:CD,Node_B,66:3D:FF:91:0C:09:14:A5,2026-03-06 21:57:23.064,-50,172,-1
Node_A,AE:F7:83:9A:A9:52:C5:CD,Node_B,66:3D:FF:91:0C:09:14:A5,2026-03-06 21:57:23.164,-49,176,1
Node_A,AE:F7:83:9A:A9:52:C5:CD,Node_B,66:3D:FF:91:0C:09:14:A5,2026-03-06 21:57:23.265,-49,176,0
Node_A,AE:F7:83:9A:A9:52:C5:CD,Node_B,66:3D:FF:91:0C:09:14:A5,2026-03-06 21:57:23.364,-49,176,0
Node_A,AE:F7:83:9A:A9:52:C5:CD,Node_B,66:3D:FF:91:0C:09:14:A5,2026-03-06 21:57:23.464,-49,176,0
Node_A,AE:F7:83:9A:A9:52:C5:CD,Node_B,66:3D:FF:91:0C:09:14:A5,2026-03-06 21:57:23.566,-49,176,0
Node_A,AE:F7:83:9A:A9:52:C5:CD,Node_B,66:3D:FF:91:0C:09:14:A5,2026-03-06 21:57:23.665,-49,176,0
Node_A,AE:F7:83:9A:A9:52:C5:CD,Node_B,66:3D:FF:91:0C:09:14:A5,2026-03-06 21:57:23.765,-48,180,1
Node_A,AE:F7:83:9A:A9:52:C5:CD,Node_B,66:3D:FF:91:0C:09:14:A5,2026-03-06 21:57:23.865,-47,184,1
Node_A,AE:F7:83:9A:A9:52:C5:CD,Node_B,66:3D:FF:91:0C:09:14:A5,2026-03-06 21:57:23.965,-47,184,0
Node_A,AE:F7:83:9A:A9:52:C5:CD,Node_B,66:3D:FF:91:0C:09:14:A5,2026-03-06 21:57:24.067,-46,188,1
Node_A,AE:F7:83:9A:A9:52:C5:CD,Node_B,66:3D:FF:91:0C:09:14:A5,2026-03-06 21:57:24.167,-47,184,-1
Node_A,AE:F7:83:9A:A9:52:C5:CD,Node_B,66:3D:FF:91:0C:09:14:A5,2026-03-06 21:57:24.267,-47,184,0
Node_A,AE:F7:83:9A:A9:52:C5:CD,Node_B,66:3D:FF:91:0C:09:14:A5,2026-03-06 21:57:24.368,-47,184,0
Node_A,AE:F7:83:9A:A9:52:C5:CD,Node_B,66:3D:FF:91:0C:09:14:A5,2026-03-06 21:57:24.467,-47,184,0
Node_A,AE:F7:83:9A:A9:52:C5:CD,Node_B,66:3D:FF:91:0C:09:14:A5,2026-03-06 21:57:24.567,-47,184,0
Node_A,AE:F7:83:9A:A9:52:C5:CD,Node_B,66:3D:FF:91:0C:09:14:A5,2026-03-06 21:57:24.670,-47,184,0
Node_A,AE:F7:83:9A:A9:52:C5:CD,Node_B,66:3D:FF:91:0C:09:14:A5,2026-03-06 21:57:24.770,-48,180,-1
Node_A,AE:F7:83:9A:A9:52:C5:CD,Node_B,66:3D:FF:91:0C:09:14:A5,2026-03-06 21:57:24.870,-47,184,1
Node_A,AE:F7:83:9A:A9:52:C5:CD,Node_B,66:3D:FF:91:0C:09:14:A5,2026-03-06 21:57:25.069,-46,188,1
Node_A,AE:F7:83:9A:A9:52:C5:CD,Node_B,66:3D:FF:91:0C:09:14:A5,2026-03-06 21:57:25.170,-47,184,-1
Node_A,AE:F7:83:9A:A9:52:C5:CD,Node_B,66:3D:FF:91:0C:09:14:A5,2026-03-06 21:57:25.270,-47,184,0
Node_A,AE:F7:83:9A:A9:52:C5:CD,Node_B,66:3D:FF:91:0C:09:14:A5,2026-03-06 21:57:25.370,-47,184,0
Node_A,AE:F7:83:9A:A9:52:C5:CD,Node_B,66:3D:FF:91:0C:09:14:A5,2026-03-06 21:57:25.471,-47,184,0
Node_A,AE:F7:83:9A:A9:52:C5:CD,Node_B,66:3D:FF:91:0C:09:14:A5,2026-03-06 21:57:25.572,-48,180,-1
Node_A,AE:F7:83:9A:A9:52:C5:CD,Node_B,66:3D:FF:91:0C:09:14:A5,2026-03-06 21:57:25.670,-48,180,0
Node_A,AE:F7:83:9A:A9:52:C5:CD,Node_B,66:3D:FF:91:0C:09:14:A5,2026-03-06 21:57:25.772,-48,180,0
Node_A,AE:F7:83:9A:A9:52:C5:CD,Node_B,66:3D:FF:91:0C:09:14:A5,2026-03-06 21:57:25.873,-48,180,0
Node_A,AE:F7:83:9A:A9:52:C5:CD,Node_B,66:3D:FF:91:0C:09:14:A5,2026-03-06 21:57:25.972,-48,180,0
Node_A,AE:F7:83:9A:A9:52:C5:CD,Node_B,66:3D:FF:91:0C:09:14:A5,2026-03-06 21:57:26.072,-48,180,0
Node_A,AE:F7:83:9A:A9:52:C5:CD,Node_B,66:3D:FF:91:0C:09:14:A5,2026-03-06 21:57:26.174,-48,180,0
Node_A,AE:F7:83:9A:A9:52:C5:CD,Node_B,66:3D:FF:91:0C:09:14:A5,2026-03-06 21:57:26.272,-48,180,0
Node_A,AE:F7:83:9A:A9:52:C5:CD,Node_B,66:3D:FF:91:0C:09:14:A5,2026-03-06 21:57:26.375,-48,180,0
Node_A,AE:F7:83:9A:A9:52:C5:CD,Node_B,66:3D:FF:91:0C:09:14:A5,2026-03-06 21:57:26.474,-47,184,1
Node_A,AE:F7:83:9A:A9:52:C5:CD,Node_B,66:3D:FF:91:0C:09:14:A5,2026-03-06 21:57:26.675,-47,184,0
Node_A,AE:F7:83:9A:A9:52:C5:CD,Node_B,66:3D:FF:91:0C:09:14:A5,2026-03-06 21:57:26.776,-47,184,0
Node_A,AE:F7:83:9A:A9:52:C5:CD,Node_B,66:3D:FF:91:0C:09:14:A5,2026-03-06 21:57:26.876,-47,184,0
Node_A,AE:F7:83:9A:A9:52:C5:CD,Node_B,66:3D:FF:91:0C:09:14:A5,2026-03-06 21:57:26.976,-47,184,0
Node_A,AE:F7:83:9A:A9:52:C5:CD,Node_B,66:3D:FF:91:0C:09:14:A5,2026-03-06 21:57:27.075,-47,184,0
Node_A,AE:F7:83:9A:A9:52:C5:CD,Node_B,66:3D:FF:91:0C:09:14:A5,2026-03-06 21:57:27.175,-47,184,0
Node_A,AE:F7:83:9A:A9:52:C5:CD,Node_B,66:3D:FF:91:0C:09:14:A5,2026-03-06 21:57:27.277,-47,184,0
Node_A,AE:F7:83:9A:A9:52:C5:CD,Node_B,66:3D:FF:91:0C:09:14:A5,2026-03-06 21:57:27.378,-47,184,0
Node_A,AE:F7:83:9A:A9:52:C5:CD,Node_B,66:3D:FF:91:0C:09:14:A5,2026-03-06 21:57:27.476,-47,184,0
Node_A,AE:F7:83:9A:A9:52:C5:CD,Node_B,66:3D:FF:91:0C:09:14:A5,2026-03-06 21:57:27.577,-47,184,0
Node_A,AE:F7:83:9A:A9:52:C5:CD,Node_B,66:3D:FF:91:0C:09:14:A5,2026-03-06 21:57:27.677,-47,184,0
Node_A,AE:F7:83:9A:A9:52:C5:CD,Node_B,66:3D:FF:91:0C:09:14:A5,2026-03-06 21:57:27.778,-47,184,0
Node_A,AE:F7:83:9A:A9:52:C5:CD,Node_B,66:3D:FF:91:0C:09:14:A5,2026-03-06 21:57:27.878,-47,184,0
Node_A,AE:F7:83:9A:A9:52:C5:CD,Node_B,66:3D:FF:91:0C:09:14:A5,2026-03-06 21:57:27.978,-47,184,0
Node_A,AE:F7:83:9A:A9:52:C5:CD,Node_B,66:3D:FF:91:0C:09:14:A5,2026-03-06 21:57:28.078,-47,184,0
Node_A,AE:F7:83:9A:A9:52:C5:CD,Node_B,66:3D:FF:91:0C:09:14:A5,2026-03-06 21:57:28.179,-47,184,0
Node_A,AE:F7:83:9A:A9:52:C5:CD,Node_B,66:3D:FF:91:0C:09:14:A5,2026-03-06 21:57:28.280,-47,184,0
Node_A,AE:F7:83:9A:A9:52:C5:CD,Node_B,66:3D:FF:91:0C:09:14:A5,2026-03-06 21:57:28.379,-47,184,0
Node_A,AE:F7:83:9A:A9:52:C5:CD,Node_B,66:3D:FF:91:0C:09:14:A5,2026-03-06 21:57:28.480,-47,184,0
Node_A,AE:F7:83:9A:A9:52:C5:CD,Node_B,66:3D:FF:91:0C:09:14:A5,2026-03-06 21:57:28.579,-47,184,0
Node_A,AE:F7:83:9A:A9:52:C5:CD,Node_B,66:3D:FF:91:0C:09:14:A5,2026-03-06 21:57:28.680,-47,184,0
Node_A,AE:F7:83:9A:A9:52:C5:CD,Node_B,66:3D:FF:91:0C:09:14:A5,2026-03-06 21:57:28.780,-47,184,0
Node_A,AE:F7:83:9A:A9:52:C5:CD,Node_B,66:3D:FF:91:0C:09:14:A5,2026-03-06 21:57:28.881,-47,184,0
Node_A,AE:F7:83:9A:A9:52:C5:CD,Node_B,66:3D:FF:91:0C:09:14:A5,2026-03-06 21:57:28.981,-47,184,0
Node_A,AE:F7:83:9A:A9:52:C5:CD,Node_B,66:3D:FF:91:0C:09:14:A5,2026-03-06 21:57:29.081,-47,184,0
Node_A,AE:F7:83:9A:A9:52:C5:CD,Node_B,66:3D:FF:91:0C:09:14:A5,2026-03-06 21:57:29.183,-46,188,1
Node_A,AE:F7:83:9A:A9:52:C5:CD,Node_B,66:3D:FF:91:0C:09:14:A5,2026-03-06 21:57:29.284,-47,184,-1
Node_A,AE:F7:83:9A:A9:52:C5:CD,Node_B,66:3D:FF:91:0C:09:14:A5,2026-03-06 21:57:29.382,-47,184,0
Node_A,AE:F7:83:9A:A9:52:C5:CD,Node_B,66:3D:FF:91:0C:09:14:A5,2026-03-06 21:57:29.482,-47,184,0
Node_A,AE:F7:83:9A:A9:52:C5:CD,Node_B,66:3D:FF:91:0C:09:14:A5,2026-03-06 21:57:29.583,-46,188,1
Node_A,AE:F7:83:9A:A9:52:C5:CD,Node_B,66:3D:FF:91:0C:09:14:A5,2026-03-06 21:57:29.685,-46,188,0
Node_A,AE:F7:83:9A:A9:52:C5:CD,Node_B,66:3D:FF:91:0C:09:14:A5,2026-03-06 21:57:29.785,-47,184,-1
Node_A,AE:F7:83:9A:A9:52:C5:CD,Node_B,66:3D:FF:91:0C:09:14:A5,2026-03-06 21:57:29.884,-47,184,0
Node_A,AE:F7:83:9A:A9:52:C5:CD,Node_B,66:3D:FF:91:0C:09:14:A5,2026-03-06 21:57:29.985,-47,184,0
Node_A,AE:F7:83:9A:A9:52:C5:CD,Node_B,66:3D:FF:91:0C:09:14:A5,2026-03-06 21:57:30.084,-47,184,0
Node_A,AE:F7:83:9A:A9:52:C5:CD,Node_B,66:3D:FF:91:0C:09:14:A5,2026-03-06 21:57:30.185,-46,188,1
Node_A,AE:F7:83:9A:A9:52:C5:CD,Node_B,66:3D:FF:91:0C:09:14:A5,2026-03-06 21:57:30.284,-47,184,-1
Node_A,AE:F7:83:9A:A9:52:C5:CD,Node_B,66:3D:FF:91:0C:09:14:A5,2026-03-06 21:57:30.386,-46,188,1
Node_A,AE:F7:83:9A:A9:52:C5:CD,Node_B,66:3D:FF:91:0C:09:14:A5,2026-03-06 21:57:30.485,-47,184,-1
Node_A,AE:F7:83:9A:A9:52:C5:CD,Node_B,66:3D:FF:91:0C:09:14:A5,2026-03-06 21:57:30.586,-47,184,0
Node_A,AE:F7:83:9A:A9:52:C5:CD,Node_B,66:3D:FF:91:0C:09:14:A5,2026-03-06 21:57:30.688,-47,184,0
Node_A,AE:F7:83:9A:A9:52:C5:CD,Node_B,66:3D:FF:91:0C:09:14:A5,2026-03-06 21:57:30.786,-46,188,1
Node_A,AE:F7:83:9A:A9:52:C5:CD,Node_B,66:3D:FF:91:0C:09:14:A5,2026-03-06 21:57:30.888,-46,188,0
Node_A,AE:F7:83:9A:A9:52:C5:CD,Node_B,66:3D:FF:91:0C:09:14:A5,2026-03-06 21:57:30.987,-47,184,-1
Node_A,AE:F7:83:9A:A9:52:C5:CD,Node_B,66:3D:FF:91:0C:09:14:A5,2026-03-06 21:57:31.089,-47,184,0
Node_A,AE:F7:83:9A:A9:52:C5:CD,Node_B,66:3D:FF:91:0C:09:14:A5,2026-03-06 21:57:31.189,-47,184,0
Node_A,AE:F7:83:9A:A9:52:C5:CD,Node_B,66:3D:FF:91:0C:09:14:A5,2026-03-06 21:57:31.289,-47,184,0
Node_A,AE:F7:83:9A:A9:52:C5:CD,Node_B,66:3D:FF:91:0C:09:14:A5,2026-03-06 21:57:31.388,-46,188,1
Node_A,AE:F7:83:9A:A9:52:C5:CD,Node_B,66:3D:FF:91:0C:09:14:A5,2026-03-06 21:57:31.490,-46,188,0
Node_A,AE:F7:83:9A:A9:52:C5:CD,Node_B,66:3D:FF:91:0C:09:14:A5,2026-03-06 21:57:31.588,-47,184,-1
Node_A,AE:F7:83:9A:A9:52:C5:CD,Node_B,66:3D:FF:91:0C:09:14:A5,2026-03-06 21:57:31.690,-46,188,1
Node_A,AE:F7:83:9A:A9:52:C5:CD,Node_B,66:3D:FF:91:0C:09:14:A5,2026-03-06 21:57:31.791,-47,184,-1
Node_A,AE:F7:83:9A:A9:52:C5:CD,Node_B,66:3D:FF:91:0C:09:14:A5,2026-03-06 21:57:31.890,-47,184,0
Node_A,AE:F7:83:9A:A9:52:C5:CD,Node_B,66:3D:FF:91:0C:09:14:A5,2026-03-06 21:57:31.990,-47,184,0
Node_A,AE:F7:83:9A:A9:52:C5:CD,Node_B,66:3D:FF:91:0C:09:14:A5,2026-03-06 21:57:32.090,-47,184,0
Node_A,AE:F7:83:9A:A9:52:C5:CD,Node_B,66:3D:FF:91:0C:09:14:A5,2026-03-06 21:57:32.192,-47,184,0
Node_A,AE:F7:83:9A:A9:52:C5:CD,Node_B,66:3D:FF:91:0C:09:14:A5,2026-03-06 21:57:32.291,-46,188,1
Node_A,AE:F7:83:9A:A9:52:C5:CD,Node_B,66:3D:FF:91:0C:09:14:A5,2026-03-06 21:57:32.393,-47,184,-1
Node_A,AE:F7:83:9A:A9:52:C5:CD,Node_B,66:3D:FF:91:0C:09:14:A5,2026-03-06 21:57:32.493,-47,184,0
Node_A,AE:F7:83:9A:A9:52:C5:CD,Node_B,66:3D:FF:91:0C:09:14:A5,2026-03-06 21:57:32.591,-46,188,1
Node_A,AE:F7:83:9A:A9:52:C5:CD,Node_B,66:3D:FF:91:0C:09:14:A5,2026-03-06 21:57:32.692,-47,184,-1
Node_A,AE:F7:83:9A:A9:52:C5:CD,Node_B,66:3D:FF:91:0C:09:14:A5,2026-03-06 21:57:32.792,-47,184,0
Node_A,AE:F7:83:9A:A9:52:C5:CD,Node_B,66:3D:FF:91:0C:09:14:A5,2026-03-06 21:57:32.892,-47,184,0
Node_A,AE:F7:83:9A:A9:52:C5:CD,Node_B,66:3D:FF:91:0C:09:14:A5,2026-03-06 21:57:32.993,-47,184,0
Node_A,AE:F7:83:9A:A9:52:C5:CD,Node_B,66:3D:FF:91:0C:09:14:A5,2026-03-06 21:57:33.093,-47,184,0
Node_A,AE:F7:83:9A:A9:52:C5:CD,Node_B,66:3D:FF:91:0C:09:14:A5,2026-03-06 21:57:33.195,-47,184,0
Node_A,AE:F7:83:9A:A9:52:C5:CD,Node_B,66:3D:FF:91:0C:09:14:A5,2026-03-06 21:57:33.295,-47,184,0
Node_A,AE:F7:83:9A:A9:52:C5:CD,Node_B,66:3D:FF:91:0C:09:14:A5,2026-03-06 21:57:33.395,-47,184,0
Node_A,AE:F7:83:9A:A9:52:C5:CD,Node_B,66:3D:FF:91:0C:09:14:A5,2026-03-06 21:57:33.494,-47,184,0
Node_A,AE:F7:83:9A:A9:52:C5:CD,Node_B,66:3D:FF:91:0C:09:14:A5,2026-03-06 21:57:33.595,-47,184,0
Node_A,AE:F7:83:9A:A9:52:C5:CD,Node_B,66:3D:FF:91:0C:09:14:A5,2026-03-06 21:57:33.695,-47,184,0
Node_A,AE:F7:83:9A:A9:52:C5:CD,Node_B,66:3D:FF:91:0C:09:14:A5,2026-03-06 21:57:33.797,-46,188,1
Node_A,AE:F7:83:9A:A9:52:C5:CD,Node_B,66:3D:FF:91:0C:09:14:A5,2026-03-06 21:57:33.897,-47,184,-1
Node_A,AE:F7:83:9A:A9:52:C5:CD,Node_B,66:3D:FF:91:0C:09:14:A5,2026-03-06 21:57:33.998,-46,188,1
Node_A,AE:F7:83:9A:A9:52:C5:CD,Node_B,66:3D:FF:91:0C:09:14:A5,2026-03-06 21:57:34.098,-47,184,-1
Node_A,AE:F7:83:9A:A9:52:C5:CD,Node_B,66:3D:FF:91:0C:09:14:A5,2026-03-06 21:57:34.197,-47,184,0
Node_A,AE:F7:83:9A:A9:52:C5:CD,Node_B,66:3D:FF:91:0C:09:14:A5,2026-03-06 21:57:34.299,-46,188,1
Node_A,AE:F7:83:9A:A9:52:C5:CD,Node_B,66:3D:FF:91:0C:09:14:A5,2026-03-06 21:57:34.397,-47,184,-1
Node_A,AE:F7:83:9A:A9:52:C5:CD,Node_B,66:3D:FF:91:0C:09:14:A5,2026-03-06 21:57:34.499,-46,188,1
Node_A,AE:F7:83:9A:A9:52:C5:CD,Node_B,66:3D:FF:91:0C:09:14:A5,2026-03-06 21:57:34.598,-47,184,-1
Node_A,AE:F7:83:9A:A9:52:C5:CD,Node_B,66:3D:FF:91:0C:09:14:A5,2026-03-06 21:57:34.698,-47,184,0
Node_A,AE:F7:83:9A:A9:52:C5:CD,Node_B,66:3D:FF:91:0C:09:14:A5,2026-03-06 21:57:34.799,-47,184,0
Node_A,AE:F7:83:9A:A9:52:C5:CD,Node_B,66:3D:FF:91:0C:09:14:A5,2026-03-06 21:57:34.898,-47,184,0
Node_A,AE:F7:83:9A:A9:52:C5:CD,Node_B,66:3D:FF:91:0C:09:14:A5,2026-03-06 21:57:35.000,-47,184,0
Node_A,AE:F7:83:9A:A9:52:C5:CD,Node_B,66:3D:FF:91:0C:09:14:A5,2026-03-06 21:57:35.100,-46,188,1
Node_A,AE:F7:83:9A:A9:52:C5:CD,Node_B,66:3D:FF:91:0C:09:14:A5,2026-03-06 21:57:35.200,-47,184,-1
Node_A,AE:F7:83:9A:A9:52:C5:CD,Node_B,66:3D:FF:91:0C:09:14:A5,2026-03-06 21:57:35.302,-47,184,0
Node_A,AE:F7:83:9A:A9:52:C5:CD,Node_B,66:3D:FF:91:0C:09:14:A5,2026-03-06 21:57:35.401,-47,184,0
Node_A,AE:F7:83:9A:A9:52:C5:CD,Node_B,66:3D:FF:91:0C:09:14:A5,2026-03-06 21:57:35.502,-46,188,1
Node_A,AE:F7:83:9A:A9:52:C5:CD,Node_B,66:3D:FF:91:0C:09:14:A5,2026-03-06 21:57:35.601,-47,184,-1
Node_A,AE:F7:83:9A:A9:52:C5:CD,Node_B,66:3D:FF:91:0C:09:14:A5,2026-03-06 21:57:35.703,-46,188,1
Node_A,AE:F7:83:9A:A9:52:C5:CD,Node_B,66:3D:FF:91:0C:09:14:A5,2026-03-06 21:57:35.802,-46,188,0
Node_A,AE:F7:83:9A:A9:52:C5:CD,Node_B,66:3D:FF:91:0C:09:14:A5,2026-03-06 21:57:35.903,-47,184,-1
Node_A,AE:F7:83:9A:A9:52:C5:CD,Node_B,66:3D:FF:91:0C:09:14:A5,2026-03-06 21:57:36.003,-47,184,0
Node_A,AE:F7:83:9A:A9:52:C5:CD,Node_B,66:3D:FF:91:0C:09:14:A5,2026-03-06 21:57:36.104,-48,180,-1
Node_A,AE:F7:83:9A:A9:52:C5:CD,Node_B,66:3D:FF:91:0C:09:14:A5,2026-03-06 21:57:36.203,-48,180,0
Node_A,AE:F7:83:9A:A9:52:C5:CD,Node_B,66:3D:FF:91:0C:09:14:A5,2026-03-06 21:57:36.305,-48,180,0
Node_A,AE:F7:83:9A:A9:52:C5:CD,Node_B,66:3D:FF:91:0C:09:14:A5,2026-03-06 21:57:36.405,-48,180,0
Node_A,AE:F7:83:9A:A9:52:C5:CD,Node_B,66:3D:FF:91:0C:09:14:A5,2026-03-06 21:57:36.503,-48,180,0
Node_A,AE:F7:83:9A:A9:52:C5:CD,Node_B,66:3D:FF:91:0C:09:14:A5,2026-03-06 21:57:36.605,-48,180,0
Node_A,AE:F7:83:9A:A9:52:C5:CD,Node_B,66:3D:FF:91:0C:09:14:A5,2026-03-06 21:57:36.705,-47,184,1
Node_A,AE:F7:83:9A:A9:52:C5:CD,Node_B,66:3D:FF:91:0C:09:14:A5,2026-03-06 21:57:36.806,-48,180,-1
Node_A,AE:F7:83:9A:A9:52:C5:CD,Node_B,66:3D:FF:91:0C:09:14:A5,2026-03-06 21:57:36.905,-48,180,0
Node_A,AE:F7:83:9A:A9:52:C5:CD,Node_B,66:3D:FF:91:0C:09:14:A5,2026-03-06 21:57:37.007,-48,180,0
Node_A,AE:F7:83:9A:A9:52:C5:CD,Node_B,66:3D:FF:91:0C:09:14:A5,2026-03-06 21:57:37.105,-48,180,0
Node_A,AE:F7:83:9A:A9:52:C5:CD,Node_B,66:3D:FF:91:0C:09:14:A5,2026-03-06 21:57:37.205,-48,180,0
Node_A,AE:F7:83:9A:A9:52:C5:CD,Node_B,66:3D:FF:91:0C:09:14:A5,2026-03-06 21:57:37.306,-48,180,0
Node_A,AE:F7:83:9A:A9:52:C5:CD,Node_B,66:3D:FF:91:0C:09:14:A5,2026-03-06 21:57:37.407,-48,180,0
Node_A,AE:F7:83:9A:A9:52:C5:CD,Node_B,66:3D:FF:91:0C:09:14:A5,2026-03-06 21:57:37.506,-48,180,0
Node_A,AE:F7:83:9A:A9:52:C5:CD,Node_B,66:3D:FF:91:0C:09:14:A5,2026-03-06 21:57:37.607,-48,180,0
Node_A,AE:F7:83:9A:A9:52:C5:CD,Node_B,66:3D:FF:91:0C:09:14:A5,2026-03-06 21:57:37.707,-48,180,0
Node_A,AE:F7:83:9A:A9:52:C5:CD,Node_B,66:3D:FF:91:0C:09:14:A5,2026-03-06 21:57:37.810,-47,184,1
Node_A,AE:F7:83:9A:A9:52:C5:CD,Node_B,66:3D:FF:91:0C:09:14:A5,2026-03-06 21:57:37.909,-47,184,0
Node_A,AE:F7:83:9A:A9:52:C5:CD,Node_B,66:3D:FF:91:0C:09:14:A5,2026-03-06 21:57:38.009,-47,184,0
Node_A,AE:F7:83:9A:A9:52:C5:CD,Node_B,66:3D:FF:91:0C:09:14:A5,2026-03-06 21:57:38.108,-47,184,0
Node_A,AE:F7:83:9A:A9:52:C5:CD,Node_B,66:3D:FF:91:0C:09:14:A5,2026-03-06 21:57:38.209,-47,184,0
Node_A,AE:F7:83:9A:A9:52:C5:CD,Node_B,66:3D:FF:91:0C:09:14:A5,2026-03-06 21:57:38.309,-47,184,0
Node_A,AE:F7:83:9A:A9:52:C5:CD,Node_B,66:3D:FF:91:0C:09:14:A5,2026-03-06 21:57:38.410,-47,184,0
Node_A,AE:F7:83:9A:A9:52:C5:CD,Node_B,66:3D:FF:91:0C:09:14:A5,2026-03-06 21:57:38.510,-47,184,0
Node_A,AE:F7:83:9A:A9:52:C5:CD,Node_B,66:3D:FF:91:0C:09:14:A5,2026-03-06 21:57:38.611,-48,180,-1
Node_A,AE:F7:83:9A:A9:52:C5:CD,Node_B,66:3D:FF:91:0C:09:14:A5,2026-03-06 21:57:38.710,-48,180,0
Node_A,AE:F7:83:9A:A9:52:C5:CD,Node_B,66:3D:FF:91:0C:09:14:A5,2026-03-06 21:57:38.812,-47,184,1
Node_A,AE:F7:83:9A:A9:52:C5:CD,Node_B,66:3D:FF:91:0C:09:14:A5,2026-03-06 21:57:38.911,-48,180,-1
Node_A,AE:F7:83:9A:A9:52:C5:CD,Node_B,66:3D:FF:91:0C:09:14:A5,2026-03-06 21:57:39.012,-47,184,1
Node_A,AE:F7:83:9A:A9:52:C5:CD,Node_B,66:3D:FF:91:0C:09:14:A5,2026-03-06 21:57:39.113,-48,180,-1
Node_A,AE:F7:83:9A:A9:52:C5:CD,Node_B,66:3D:FF:91:0C:09:14:A5,2026-03-06 21:57:39.214,-48,180,0
Node_A,AE:F7:83:9A:A9:52:C5:CD,Node_B,66:3D:FF:91:0C:09:14:A5,2026-03-06 21:57:39.312,-48,180,0
Node_A,AE:F7:83:9A:A9:52:C5:CD,Node_B,66:3D:FF:91:0C:09:14:A5,2026-03-06 21:57:39.414,-48,180,0
Node_A,AE:F7:83:9A:A9:52:C5:CD,Node_B,66:3D:FF:91:0C:09:14:A5,2026-03-06 21:57:39.512,-48,180,0
Node_A,AE:F7:83:9A:A9:52:C5:CD,Node_B,66:3D:FF:91:0C:09:14:A5,2026-03-06 21:57:39.613,-48,180,0
Node_A,AE:F7:83:9A:A9:52:C5:CD,Node_B,66:3D:FF:91:0C:09:14:A5,2026-03-06 21:57:39.713,-47,184,1
Node_A,AE:F7:83:9A:A9:52:C5:CD,Node_B,66:3D:FF:91:0C:09:14:A5,2026-03-06 21:57:39.815,-48,180,-1
Node_A,AE:F7:83:9A:A9:52:C5:CD,Node_B,66:3D:FF:91:0C:09:14:A5,2026-03-06 21:57:39.914,-48,180,0
Node_A,AE:F7:83:9A:A9:52:C5:CD,Node_B,66:3D:FF:91:0C:09:14:A5,2026-03-06 21:57:40.015,-47,184,1
Node_A,AE:F7:83:9A:A9:52:C5:CD,Node_B,66:3D:FF:91:0C:09:14:A5,2026-03-06 21:57:40.115,-47,184,0
Node_A,AE:F7:83:9A:A9:52:C5:CD,Node_B,66:3D:FF:91:0C:09:14:A5,2026-03-06 21:57:40.214,-48,180,-1
Node_A,AE:F7:83:9A:A9:52:C5:CD,Node_B,66:3D:FF:91:0C:09:14:A5,2026-03-06 21:57:40.317,-47,184,1
Node_A,AE:F7:83:9A:A9:52:C5:CD,Node_B,66:3D:FF:91:0C:09:14:A5,2026-03-06 21:57:40.415,-47,184,0
Node_A,AE:F7:83:9A:A9:52:C5:CD,Node_B,66:3D:FF:91:0C:09:14:A5,2026-03-06 21:57:40.515,-48,180,-1
Node_A,AE:F7:83:9A:A9:52:C5:CD,Node_B,66:3D:FF:91:0C:09:14:A5,2026-03-06 21:57:40.617,-47,184,1
Node_A,AE:F7:83:9A:A9:52:C5:CD,Node_B,66:3D:FF:91:0C:09:14:A5,2026-03-06 21:57:40.717,-47,184,0
Node_A,AE:F7:83:9A:A9:52:C5:CD,Node_B,66:3D:FF:91:0C:09:14:A5,2026-03-06 21:57:40.817,-47,184,0
Node_A,AE:F7:83:9A:A9:52:C5:CD,Node_B,66:3D:FF:91:0C:09:14:A5,2026-03-06 21:57:40.918,-47,184,0
Node_A,AE:F7:83:9A:A9:52:C5:CD,Node_B,66:3D:FF:91:0C:09:14:A5,2026-03-06 21:57:41.017,-47,184,0
Node_A,AE:F7:83:9A:A9:52:C5:CD,Node_B,66:3D:FF:91:0C:09:14:A5,2026-03-06 21:57:41.119,-47,184,0
Node_A,AE:F7:83:9A:A9:52:C5:CD,Node_B,66:3D:FF:91:0C:09:14:A5,2026-03-06 21:57:41.217,-47,184,0
Node_A,AE:F7:83:9A:A9:52:C5:CD,Node_B,66:3D:FF:91:0C:09:14:A5,2026-03-06 21:57:41.319,-48,180,-1
Node_A,AE:F7:83:9A:A9:52:C5:CD,Node_B,66:3D:FF:91:0C:09:14:A5,2026-03-06 21:57:41.418,-48,180,0
Node_A,AE:F7:83:9A:A9:52:C5:CD,Node_B,66:3D:FF:91:0C:09:14:A5,2026-03-06 21:57:41.520,-48,180,0
Node_A,AE:F7:83:9A:A9:52:C5:CD,Node_B,66:3D:FF:91:0C:09:14:A5,2026-03-06 21:57:41.619,-47,184,1
Node_A,AE:F7:83:9A:A9:52:C5:CD,Node_B,66:3D:FF:91:0C:09:14:A5,2026-03-06 21:57:41.720,-47,184,0
Node_A,AE:F7:83:9A:A9:52:C5:CD,Node_B,66:3D:FF:91:0C:09:14:A5,2026-03-06 21:57:41.821,-47,184,0
Node_A,AE:F7:83:9A:A9:52:C5:CD,Node_B,66:3D:FF:91:0C:09:14:A5,2026-03-06 21:57:41.921,-48,180,-1
Node_A,AE:F7:83:9A:A9:52:C5:CD,Node_B,66:3D:FF:91:0C:09:14:A5,2026-03-06 21:57:42.021,-48,180,0
Node_A,AE:F7:83:9A:A9:52:C5:CD,Node_B,66:3D:FF:91:0C:09:14:A5,2026-03-06 21:57:42.122,-47,184,1
Node_A,AE:F7:83:9A:A9:52:C5:CD,Node_B,66:3D:FF:91:0C:09:14:A5,2026-03-06 21:57:42.221,-48,180,-1
Node_A,AE:F7:83:9A:A9:52:C5:CD,Node_B,66:3D:FF:91:0C:09:14:A5,2026-03-06 21:57:42.322,-47,184,1
Node_A,AE:F7:83:9A:A9:52:C5:CD,Node_B,66:3D:FF:91:0C:09:14:A5,2026-03-06 21:57:42.422,-48,180,-1
Node_A,AE:F7:83:9A:A9:52:C5:CD,Node_B,66:3D:FF:91:0C:09:14:A5,2026-03-06 21:57:42.523,-47,184,1
Node_A,AE:F7:83:9A:A9:52:C5:CD,Node_B,66:3D:FF:91:0C:09:14:A5,2026-03-06 21:57:42.621,-48,180,-1
Node_A,AE:F7:83:9A:A9:52:C5:CD,Node_B,66:3D:FF:91:0C:09:14:A5,2026-03-06 21:57:42.722,-48,180,0
Node_A,AE:F7:83:9A:A9:52:C5:CD,Node_B,66:3D:FF:91:0C:09:14:A5,2026-03-06 21:57:42.824,-47,184,1
Node_A,AE:F7:83:9A:A9:52:C5:CD,Node_B,66:3D:FF:91:0C:09:14:A5,2026-03-06 21:57:42.922,-47,184,0
Node_A,AE:F7:83:9A:A9:52:C5:CD,Node_B,66:3D:FF:91:0C:09:14:A5,2026-03-06 21:57:43.023,-47,184,0
Node_A,AE:F7:83:9A:A9:52:C5:CD,Node_B,66:3D:FF:91:0C:09:14:A5,2026-03-06 21:57:43.125,-47,184,0
Node_A,AE:F7:83:9A:A9:52:C5:CD,Node_B,66:3D:FF:91:0C:09:14:A5,2026-03-06 21:57:43.224,-47,184,0
Node_A,AE:F7:83:9A:A9:52:C5:CD,Node_B,66:3D:FF:91:0C:09:14:A5,2026-03-06 21:57:43.324,-47,184,0
Node_A,AE:F7:83:9A:A9:52:C5:CD,Node_B,66:3D:FF:91:0C:09:14:A5,2026-03-06 21:57:43.426,-47,184,0
Node_A,AE:F7:83:9A:A9:52:C5:CD,Node_B,66:3D:FF:91:0C:09:14:A5,2026-03-06 21:57:43.525,-47,184,0
Node_A,AE:F7:83:9A:A9:52:C5:CD,Node_B,66:3D:FF:91:0C:09:14:A5,2026-03-06 21:57:43.626,-47,184,0
Node_A,AE:F7:83:9A:A9:52:C5:CD,Node_B,66:3D:FF:91:0C:09:14:A5,2026-03-06 21:57:43.727,-47,184,0
Node_A,AE:F7:83:9A:A9:52:C5:CD,Node_B,66:3D:FF:91:0C:09:14:A5,2026-03-06 21:57:43.826,-47,184,0
Node_A,AE:F7:83:9A:A9:52:C5:CD,Node_B,66:3D:FF:91:0C:09:14:A5,2026-03-06 21:57:43.926,-47,184,0
Node_A,AE:F7:83:9A:A9:52:C5:CD,Node_B,66:3D:FF:91:0C:09:14:A5,2026-03-06 21:57:44.027,-47,184,0
Node_A,AE:F7:83:9A:A9:52:C5:CD,Node_B,66:3D:FF:91:0C:09:14:A5,2026-03-06 21:57:44.127,-47,184,0
Node_A,AE:F7:83:9A:A9:52:C5:CD,Node_B,66:3D:FF:91:0C:09:14:A5,2026-03-06 21:57:44.228,-48,180,-1
Node_A,AE:F7:83:9A:A9:52:C5:CD,Node_B,66:3D:FF:91:0C:09:14:A5,2026-03-06 21:57:44.329,-47,184,1
Node_A,AE:F7:83:9A:A9:52:C5:CD,Node_B,66:3D:FF:91:0C:09:14:A5,2026-03-06 21:57:44.428,-47,184,0
Node_A,AE:F7:83:9A:A9:52:C5:CD,Node_B,66:3D:FF:91:0C:09:14:A5,2026-03-06 21:57:44.528,-47,184,0
Node_A,AE:F7:83:9A:A9:52:C5:CD,Node_B,66:3D:FF:91:0C:09:14:A5,2026-03-06 21:57:44.630,-48,180,-1
Node_A,AE:F7:83:9A:A9:52:C5:CD,Node_B,66:3D:FF:91:0C:09:14:A5,2026-03-06 21:57:44.730,-48,180,0
Node_A,AE:F7:83:9A:A9:52:C5:CD,Node_B,66:3D:FF:91:0C:09:14:A5,2026-03-06 21:57:44.829,-47,184,1
Node_A,AE:F7:83:9A:A9:52:C5:CD,Node_B,66:3D:FF:91:0C:09:14:A5,2026-03-06 21:57:44.929,-47,184,0
Node_A,AE:F7:83:9A:A9:52:C5:CD,Node_B,66:3D:FF:91:0C:09:14:A5,2026-03-06 21:57:45.030,-47,184,0
Node_A,AE:F7:83:9A:A9:52:C5:CD,Node_B,66:3D:FF:91:0C:09:14:A5,2026-03-06 21:57:45.131,-47,184,0
Node_A,AE:F7:83:9A:A9:52:C5:CD,Node_B,66:3D:FF:91:0C:09:14:A5,2026-03-06 21:57:45.231,-47,184,0
Node_A,AE:F7:83:9A:A9:52:C5:CD,Node_B,66:3D:FF:91:0C:09:14:A5,2026-03-06 21:57:45.331,-47,184,0
Node_A,AE:F7:83:9A:A9:52:C5:CD,Node_B,66:3D:FF:91:0C:09:14:A5,2026-03-06 21:57:45.432,-47,184,0
Node_A,AE:F7:83:9A:A9:52:C5:CD,Node_B,66:3D:FF:91:0C:09:14:A5,2026-03-06 21:57:45.533,-47,184,0
Node_A,AE:F7:83:9A:A9:52:C5:CD,Node_B,66:3D:FF:91:0C:09:14:A5,2026-03-06 21:57:45.632,-47,184,0
Node_A,AE:F7:83:9A:A9:52:C5:CD,Node_B,66:3D:FF:91:0C:09:14:A5,2026-03-06 21:57:45.731,-47,184,0
Node_A,AE:F7:83:9A:A9:52:C5:CD,Node_B,66:3D:FF:91:0C:09:14:A5,2026-03-06 21:57:45.832,-47,184,0
Node_A,AE:F7:83:9A:A9:52:C5:CD,Node_B,66:3D:FF:91:0C:09:14:A5,2026-03-06 21:57:45.933,-47,184,0
Node_A,AE:F7:83:9A:A9:52:C5:CD,Node_B,66:3D:FF:91:0C:09:14:A5,2026-03-06 21:57:46.033,-47,184,0
Node_A,AE:F7:83:9A:A9:52:C5:CD,Node_B,66:3D:FF:91:0C:09:14:A5,2026-03-06 21:57:46.134,-47,184,0
Node_A,AE:F7:83:9A:A9:52:C5:CD,Node_B,66:3D:FF:91:0C:09:14:A5,2026-03-06 21:57:46.234,-47,184,0
Node_A,AE:F7:83:9A:A9:52:C5:CD,Node_B,66:3D:FF:91:0C:09:14:A5,2026-03-06 21:57:46.334,-47,184,0
Node_A,AE:F7:83:9A:A9:52:C5:CD,Node_B,66:3D:FF:91:0C:09:14:A5,2026-03-06 21:57:46.435,-47,184,0
Node_A,AE:F7:83:9A:A9:52:C5:CD,Node_B,66:3D:FF:91:0C:09:14:A5,2026-03-06 21:57:46.535,-47,184,0
Node_A,AE:F7:83:9A:A9:52:C5:CD,Node_B,66:3D:FF:91:0C:09:14:A5,2026-03-06 21:57:46.636,-47,184,0
Node_A,AE:F7:83:9A:A9:52:C5:CD,Node_B,66:3D:FF:91:0C:09:14:A5,2026-03-06 21:57:46.735,-47,184,0
Node_A,AE:F7:83:9A:A9:52:C5:CD,Node_B,66:3D:FF:91:0C:09:14:A5,2026-03-06 21:57:46.836,-47,184,0
Node_A,AE:F7:83:9A:A9:52:C5:CD,Node_B,66:3D:FF:91:0C:09:14:A5,2026-03-06 21:57:46.935,-47,184,0
Node_A,AE:F7:83:9A:A9:52:C5:CD,Node_B,66:3D:FF:91:0C:09:14:A5,2026-03-06 21:57:47.036,-47,184,0
Node_A,AE:F7:83:9A:A9:52:C5:CD,Node_B,66:3D:FF:91:0C:09:14:A5,2026-03-06 21:57:47.137,-47,184,0
Node_A,AE:F7:83:9A:A9:52:C5:CD,Node_B,66:3D:FF:91:0C:09:14:A5,2026-03-06 21:57:47.236,-47,184,0
Node_A,AE:F7:83:9A:A9:52:C5:CD,Node_B,66:3D:FF:91:0C:09:14:A5,2026-03-06 21:57:47.337,-47,184,0
Node_A,AE:F7:83:9A:A9:52:C5:CD,Node_B,66:3D:FF:91:0C:09:14:A5,2026-03-06 21:57:47.438,-47,184,0
Node_A,AE:F7:83:9A:A9:52:C5:CD,Node_B,66:3D:FF:91:0C:09:14:A5,2026-03-06 21:57:47.539,-47,184,0
Node_A,AE:F7:83:9A:A9:52:C5:CD,Node_B,66:3D:FF:91:0C:09:14:A5,2026-03-06 21:57:47.638,-47,184,0
Node_A,AE:F7:83:9A:A9:52:C5:CD,Node_B,66:3D:FF:91:0C:09:14:A5,2026-03-06 21:57:47.739,-47,184,0
Node_A,AE:F7:83:9A:A9:52:C5:CD,Node_B,66:3D:FF:91:0C:09:14:A5,2026-03-06 21:57:47.840,-47,184,0
Node_A,AE:F7:83:9A:A9:52:C5:CD,Node_B,66:3D:FF:91:0C:09:14:A5,2026-03-06 21:57:47.938,-47,184,0
Node_A,AE:F7:83:9A:A9:52:C5:CD,Node_B,66:3D:FF:91:0C:09:14:A5,2026-03-06 21:57:48.040,-47,184,0
Node_A,AE:F7:83:9A:A9:52:C5:CD,Node_B,66:3D:FF:91:0C:09:14:A5,2026-03-06 21:57:48.139,-47,184,0
Node_A,AE:F7:83:9A:A9:52:C5:CD,Node_B,66:3D:FF:91:0C:09:14:A5,2026-03-06 21:57:48.240,-47,184,0
Node_A,AE:F7:83:9A:A9:52:C5:CD,Node_B,66:3D:FF:91:0C:09:14:A5,2026-03-06 21:57:48.341,-47,184,0
Node_A,AE:F7:83:9A:A9:52:C5:CD,Node_B,66:3D:FF:91:0C:09:14:A5,2026-03-06 21:57:48.441,-47,184,0
Node_A,AE:F7:83:9A:A9:52:C5:CD,Node_B,66:3D:FF:91:0C:09:14:A5,2026-03-06 21:57:48.542,-47,184,0
Node_A,AE:F7:83:9A:A9:52:C5:CD,Node_B,66:3D:FF:91:0C:09:14:A5,2026-03-06 21:57:48.641,-47,184,0
Node_A,AE:F7:83:9A:A9:52:C5:CD,Node_B,66:3D:FF:91:0C:09:14:A5,2026-03-06 21:57:48.741,-47,184,0
Node_A,AE:F7:83:9A:A9:52:C5:CD,Node_B,66:3D:FF:91:0C:09:14:A5,2026-03-06 21:57:48.840,-47,184,0
Node_A,AE:F7:83:9A:A9:52:C5:CD,Node_B,66:3D:FF:91:0C:09:14:A5,2026-03-06 21:57:48.943,-47,184,0
Node_A,AE:F7:83:9A:A9:52:C5:CD,Node_B,66:3D:FF:91:0C:09:14:A5,2026-03-06 21:57:49.042,-47,184,0
Node_A,AE:F7:83:9A:A9:52:C5:CD,Node_B,66:3D:FF:91:0C:09:14:A5,2026-03-06 21:57:49.142,-47,184,0
Node_A,AE:F7:83:9A:A9:52:C5:CD,Node_B,66:3D:FF:91:0C:09:14:A5,2026-03-06 21:57:49.242,-47,184,0
Node_A,AE:F7:83:9A:A9:52:C5:CD,Node_B,66:3D:FF:91:0C:09:14:A5,2026-03-06 21:57:49.343,-47,184,0
Node_A,AE:F7:83:9A:A9:52:C5:CD,Node_B,66:3D:FF:91:0C:09:14:A5,2026-03-06 21:57:49.443,-47,184,0
Node_A,AE:F7:83:9A:A9:52:C5:CD,Node_B,66:3D:FF:91:0C:09:14:A5,2026-03-06 21:57:49.543,-47,184,0
Node_A,AE:F7:83:9A:A9:52:C5:CD,Node_B,66:3D:FF:91:0C:09:14:A5,2026-03-06 21:57:49.645,-47,184,0
Node_A,AE:F7:83:9A:A9:52:C5:CD,Node_B,66:3D:FF:91:0C:09:14:A5,2026-03-06 21:57:49.745,-47,184,0
Node_A,AE:F7:83:9A:A9:52:C5:CD,Node_B,66:3D:FF:91:0C:09:14:A5,2026-03-06 21:57:49.845,-47,184,0
Node_A,AE:F7:83:9A:A9:52:C5:CD,Node_B,66:3D:FF:91:0C:09:14:A5,2026-03-06 21:57:49.945,-47,184,0
Node_A,AE:F7:83:9A:A9:52:C5:CD,Node_B,66:3D:FF:91:0C:09:14:A5,2026-03-06 21:57:50.047,-47,184,0
Node_A,AE:F7:83:9A:A9:52:C5:CD,Node_B,66:3D:FF:91:0C:09:14:A5,2026-03-06 21:57:50.146,-47,184,0
Node_A,AE:F7:83:9A:A9:52:C5:CD,Node_B,66:3D:FF:91:0C:09:14:A5,2026-03-06 21:57:50.245,-47,184,0
Node_A,AE:F7:83:9A:A9:52:C5:CD,Node_B,66:3D:FF:91:0C:09:14:A5,2026-03-06 21:57:50.347,-47,184,0
Node_A,AE:F7:83:9A:A9:52:C5:CD,Node_B,66:3D:FF:91:0C:09:14:A5,2026-03-06 21:57:50.446,-47,184,0
Node_A,AE:F7:83:9A:A9:52:C5:CD,Node_B,66:3D:FF:91:0C:09:14:A5,2026-03-06 21:57:50.547,-47,184,0
Node_A,AE:F7:83:9A:A9:52:C5:CD,Node_B,66:3D:FF:91:0C:09:14:A5,2026-03-06 21:57:50.648,-47,184,0
Node_A,AE:F7:83:9A:A9:52:C5:CD,Node_B,66:3D:FF:91:0C:09:14:A5,2026-03-06 21:57:50.747,-47,184,0
Node_A,AE:F7:83:9A:A9:52:C5:CD,Node_B,66:3D:FF:91:0C:09:14:A5,2026-03-06 21:57:50.849,-47,184,0
Node_A,AE:F7:83:9A:A9:52:C5:CD,Node_B,66:3D:FF:91:0C:09:14:A5,2026-03-06 21:57:50.948,-47,184,0
Node_A,AE:F7:83:9A:A9:52:C5:CD,Node_B,66:3D:FF:91:0C:09:14:A5,2026-03-06 21:57:51.049,-47,184,0
Node_A,AE:F7:83:9A:A9:52:C5:CD,Node_B,66:3D:FF:91:0C:09:14:A5,2026-03-06 21:57:51.148,-47,184,0
Node_A,AE:F7:83:9A:A9:52:C5:CD,Node_B,66:3D:FF:91:0C:09:14:A5,2026-03-06 21:57:51.249,-47,184,0
Node_A,AE:F7:83:9A:A9:52:C5:CD,Node_B,66:3D:FF:91:0C:09:14:A5,2026-03-06 21:57:51.349,-47,184,0
Node_A,AE:F7:83:9A:A9:52:C5:CD,Node_B,66:3D:FF:91:0C:09:14:A5,2026-03-06 21:57:51.450,-47,184,0
Node_A,AE:F7:83:9A:A9:52:C5:CD,Node_B,66:3D:FF:91:0C:09:14:A5,2026-03-06 21:57:51.550,-47,184,0
Node_A,AE:F7:83:9A:A9:52:C5:CD,Node_B,66:3D:FF:91:0C:09:14:A5,2026-03-06 21:57:51.651,-47,184,0
Node_A,AE:F7:83:9A:A9:52:C5:CD,Node_B,66:3D:FF:91:0C:09:14:A5,2026-03-06 21:57:51.750,-47,184,0
Node_A,AE:F7:83:9A:A9:52:C5:CD,Node_B,66:3D:FF:91:0C:09:14:A5,2026-03-06 21:57:51.851,-47,184,0
Node_A,AE:F7:83:9A:A9:52:C5:CD,Node_B,66:3D:FF:91:0C:09:14:A5,2026-03-06 21:57:51.952,-47,184,0
Node_A,AE:F7:83:9A:A9:52:C5:CD,Node_B,66:3D:FF:91:0C:09:14:A5,2026-03-06 21:57:52.050,-47,184,0
Node_A,AE:F7:83:9A:A9:52:C5:CD,Node_B,66:3D:FF:91:0C:09:14:A5,2026-03-06 21:57:52.153,-47,184,0
Node_A,AE:F7:83:9A:A9:52:C5:CD,Node_B,66:3D:FF:91:0C:09:14:A5,2026-03-06 21:57:52.253,-47,184,0
Node_A,AE:F7:83:9A:A9:52:C5:CD,Node_B,66:3D:FF:91:0C:09:14:A5,2026-03-06 21:57:52.352,-47,184,0
Node_A,AE:F7:83:9A:A9:52:C5:CD,Node_B,66:3D:FF:91:0C:09:14:A5,2026-03-06 21:57:52.453,-47,184,0
Node_A,AE:F7:83:9A:A9:52:C5:CD,Node_B,66:3D:FF:91:0C:09:14:A5,2026-03-06 21:57:52.553,-47,184,0
Node_A,AE:F7:83:9A:A9:52:C5:CD,Node_B,66:3D:FF:91:0C:09:14:A5,2026-03-06 21:57:52.653,-47,184,0
Node_A,AE:F7:83:9A:A9:52:C5:CD,Node_B,66:3D:FF:91:0C:09:14:A5,2026-03-06 21:57:52.754,-47,184,0
Node_A,AE:F7:83:9A:A9:52:C5:CD,Node_B,66:3D:FF:91:0C:09:14:A5,2026-03-06 21:57:52.854,-47,184,0
Node_A,AE:F7:83:9A:A9:52:C5:CD,Node_B,66:3D:FF:91:0C:09:14:A5,2026-03-06 21:57:52.954,-47,184,0
Node_A,AE:F7:83:9A:A9:52:C5:CD,Node_B,66:3D:FF:91:0C:09:14:A5,2026-03-06 21:57:53.055,-47,184,0
Node_A,AE:F7:83:9A:A9:52:C5:CD,Node_B,66:3D:FF:91:0C:09:14:A5,2026-03-06 21:57:53.154,-47,184,0
Node_A,AE:F7:83:9A:A9:52:C5:CD,Node_B,66:3D:FF:91:0C:09:14:A5,2026-03-06 21:57:53.254,-47,184,0
Node_A,AE:F7:83:9A:A9:52:C5:CD,Node_B,66:3D:FF:91:0C:09:14:A5,2026-03-06 21:57:53.355,-47,184,0
Node_A,AE:F7:83:9A:A9:52:C5:CD,Node_B,66:3D:FF:91:0C:09:14:A5,2026-03-06 21:57:53.456,-47,184,0
Node_A,AE:F7:83:9A:A9:52:C5:CD,Node_B,66:3D:FF:91:0C:09:14:A5,2026-03-06 21:57:53.556,-47,184,0
Node_A,AE:F7:83:9A:A9:52:C5:CD,Node_B,66:3D:FF:91:0C:09:14:A5,2026-03-06 21:57:53.658,-47,184,0
Node_A,AE:F7:83:9A:A9:52:C5:CD,Node_B,66:3D:FF:91:0C:09:14:A5,2026-03-06 21:57:53.758,-47,184,0
Node_A,AE:F7:83:9A:A9:52:C5:CD,Node_B,66:3D:FF:91:0C:09:14:A5,2026-03-06 21:57:53.856,-47,184,0
Node_A,AE:F7:83:9A:A9:52:C5:CD,Node_B,66:3D:FF:91:0C:09:14:A5,2026-03-06 21:57:53.957,-47,184,0
Node_A,AE:F7:83:9A:A9:52:C5:CD,Node_B,66:3D:FF:91:0C:09:14:A5,2026-03-06 21:57:54.059,-47,184,0
Node_A,AE:F7:83:9A:A9:52:C5:CD,Node_B,66:3D:FF:91:0C:09:14:A5,2026-03-06 21:57:54.158,-47,184,0
Node_A,AE:F7:83:9A:A9:52:C5:CD,Node_B,66:3D:FF:91:0C:09:14:A5,2026-03-06 21:57:54.257,-47,184,0
Node_A,AE:F7:83:9A:A9:52:C5:CD,Node_B,66:3D:FF:91:0C:09:14:A5,2026-03-06 21:57:54.357,-47,184,0
Node_A,AE:F7:83:9A:A9:52:C5:CD,Node_B,66:3D:FF:91:0C:09:14:A5,2026-03-06 21:57:54.459,-47,184,0
Node_A,AE:F7:83:9A:A9:52:C5:CD,Node_B,66:3D:FF:91:0C:09:14:A5,2026-03-06 21:57:54.560,-47,184,0
Node_A,AE:F7:83:9A:A9:52:C5:CD,Node_B,66:3D:FF:91:0C:09:14:A5,2026-03-06 21:57:54.659,-47,184,0
Node_A,AE:F7:83:9A:A9:52:C5:CD,Node_B,66:3D:FF:91:0C:09:14:A5,2026-03-06 21:57:54.759,-47,184,0
Node_A,AE:F7:83:9A:A9:52:C5:CD,Node_B,66:3D:FF:91:0C:09:14:A5,2026-03-06 21:57:54.860,-47,184,0
Node_A,AE:F7:83:9A:A9:52:C5:CD,Node_B,66:3D:FF:91:0C:09:14:A5,2026-03-06 21:57:54.960,-47,184,0
Node_A,AE:F7:83:9A:A9:52:C5:CD,Node_B,66:3D:FF:91:0C:09:14:A5,2026-03-06 21:57:55.061,-47,184,0
Node_A,AE:F7:83:9A:A9:52:C5:CD,Node_B,66:3D:FF:91:0C:09:14:A5,2026-03-06 21:57:55.162,-47,184,0
Node_A,AE:F7:83:9A:A9:52:C5:CD,Node_B,66:3D:FF:91:0C:09:14:A5,2026-03-06 21:57:55.261,-47,184,0
Node_A,AE:F7:83:9A:A9:52:C5:CD,Node_B,66:3D:FF:91:0C:09:14:A5,2026-03-06 21:57:55.363,-47,184,0
Node_A,AE:F7:83:9A:A9:52:C5:CD,Node_B,66:3D:FF:91:0C:09:14:A5,2026-03-06 21:57:55.461,-47,184,0
Node_A,AE:F7:83:9A:A9:52:C5:CD,Node_B,66:3D:FF:91:0C:09:14:A5,2026-03-06 21:57:55.563,-47,184,0
Node_A,AE:F7:83:9A:A9:52:C5:CD,Node_B,66:3D:FF:91:0C:09:14:A5,2026-03-06 21:57:55.663,-47,184,0
Node_A,AE:F7:83:9A:A9:52:C5:CD,Node_B,66:3D:FF:91:0C:09:14:A5,2026-03-06 21:57:55.763,-47,184,0
Node_A,AE:F7:83:9A:A9:52:C5:CD,Node_B,66:3D:FF:91:0C:09:14:A5,2026-03-06 21:57:55.863,-48,180,-1
Node_A,AE:F7:83:9A:A9:52:C5:CD,Node_B,66:3D:FF:91:0C:09:14:A5,2026-03-06 21:57:55.963,-48,180,0
Node_A,AE:F7:83:9A:A9:52:C5:CD,Node_B,66:3D:FF:91:0C:09:14:A5,2026-03-06 21:57:56.064,-48,180,0
Node_A,AE:F7:83:9A:A9:52:C5:CD,Node_B,66:3D:FF:91:0C:09:14:A5,2026-03-06 21:57:56.163,-48,180,0
Node_A,AE:F7:83:9A:A9:52:C5:CD,Node_B,66:3D:FF:91:0C:09:14:A5,2026-03-06 21:57:56.265,-48,180,0
Node_A,AE:F7:83:9A:A9:52:C5:CD,Node_B,66:3D:FF:91:0C:09:14:A5,2026-03-06 21:57:56.365,-48,180,0
Node_A,AE:F7:83:9A:A9:52:C5:CD,Node_B,66:3D:FF:91:0C:09:14:A5,2026-03-06 21:57:56.465,-47,184,1
Node_A,AE:F7:83:9A:A9:52:C5:CD,Node_B,66:3D:FF:91:0C:09:14:A5,2026-03-06 21:57:56.565,-47,184,0
Node_A,AE:F7:83:9A:A9:52:C5:CD,Node_B,66:3D:FF:91:0C:09:14:A5,2026-03-06 21:57:56.666,-47,184,0
Node_A,AE:F7:83:9A:A9:52:C5:CD,Node_B,66:3D:FF:91:0C:09:14:A5,2026-03-06 21:57:56.767,-47,184,0
Node_A,AE:F7:83:9A:A9:52:C5:CD,Node_B,66:3D:FF:91:0C:09:14:A5,2026-03-06 21:57:56.866,-47,184,0
Node_A,AE:F7:83:9A:A9:52:C5:CD,Node_B,66:3D:FF:91:0C:09:14:A5,2026-03-06 21:57:56.967,-47,184,0
Node_A,AE:F7:83:9A:A9:52:C5:CD,Node_B,66:3D:FF:91:0C:09:14:A5,2026-03-06 21:57:57.067,-47,184,0
Node_A,AE:F7:83:9A:A9:52:C5:CD,Node_B,66:3D:FF:91:0C:09:14:A5,2026-03-06 21:57:57.167,-47,184,0
Node_A,AE:F7:83:9A:A9:52:C5:CD,Node_B,66:3D:FF:91:0C:09:14:A5,2026-03-06 21:57:57.268,-47,184,0
Node_A,AE:F7:83:9A:A9:52:C5:CD,Node_B,66:3D:FF:91:0C:09:14:A5,2026-03-06 21:57:57.367,-48,180,-1
Node_A,AE:F7:83:9A:A9:52:C5:CD,Node_B,66:3D:FF:91:0C:09:14:A5,2026-03-06 21:57:57.468,-48,180,0
Node_A,AE:F7:83:9A:A9:52:C5:CD,Node_B,66:3D:FF:91:0C:09:14:A5,2026-03-06 21:57:57.568,-48,180,0
Node_A,AE:F7:83:9A:A9:52:C5:CD,Node_B,66:3D:FF:91:0C:09:14:A5,2026-03-06 21:57:57.668,-48,180,0
Node_A,AE:F7:83:9A:A9:52:C5:CD,Node_B,66:3D:FF:91:0C:09:14:A5,2026-03-06 21:57:57.769,-47,184,1
Node_A,AE:F7:83:9A:A9:52:C5:CD,Node_B,66:3D:FF:91:0C:09:14:A5,2026-03-06 21:57:57.868,-48,180,-1
Node_A,AE:F7:83:9A:A9:52:C5:CD,Node_B,66:3D:FF:91:0C:09:14:A5,2026-03-06 21:57:57.971,-48,180,0
Node_A,AE:F7:83:9A:A9:52:C5:CD,Node_B,66:3D:FF:91:0C:09:14:A5,2026-03-06 21:57:58.070,-47,184,1
Node_A,AE:F7:83:9A:A9:52:C5:CD,Node_B,66:3D:FF:91:0C:09:14:A5,2026-03-06 21:57:58.171,-47,184,0
Node_A,AE:F7:83:9A:A9:52:C5:CD,Node_B,66:3D:FF:91:0C:09:14:A5,2026-03-06 21:57:58.269,-47,184,0
Node_A,AE:F7:83:9A:A9:52:C5:CD,Node_B,66:3D:FF:91:0C:09:14:A5,2026-03-06 21:57:58.371,-48,180,-1
Node_A,AE:F7:83:9A:A9:52:C5:CD,Node_B,66:3D:FF:91:0C:09:14:A5,2026-03-06 21:57:58.470,-48,180,0
Node_A,AE:F7:83:9A:A9:52:C5:CD,Node_B,66:3D:FF:91:0C:09:14:A5,2026-03-06 21:57:58.571,-48,180,0
Node_A,AE:F7:83:9A:A9:52:C5:CD,Node_B,66:3D:FF:91:0C:09:14:A5,2026-03-06 21:57:58.671,-48,180,0
Node_A,AE:F7:83:9A:A9:52:C5:CD,Node_B,66:3D:FF:91:0C:09:14:A5,2026-03-06 21:57:58.772,-48,180,0
Node_A,AE:F7:83:9A:A9:52:C5:CD,Node_B,66:3D:FF:91:0C:09:14:A5,2026-03-06 21:57:58.872,-48,180,0
Node_A,AE:F7:83:9A:A9:52:C5:CD,Node_B,66:3D:FF:91:0C:09:14:A5,2026-03-06 21:57:58.974,-48,180,0
Node_A,AE:F7:83:9A:A9:52:C5:CD,Node_B,66:3D:FF:91:0C:09:14:A5,2026-03-06 21:57:59.073,-48,180,0
Node_A,AE:F7:83:9A:A9:52:C5:CD,Node_B,66:3D:FF:91:0C:09:14:A5,2026-03-06 21:57:59.174,-48,180,0
Node_A,AE:F7:83:9A:A9:52:C5:CD,Node_B,66:3D:FF:91:0C:09:14:A5,2026-03-06 21:57:59.274,-48,180,0
Node_A,AE:F7:83:9A:A9:52:C5:CD,Node_B,66:3D:FF:91:0C:09:14:A5,2026-03-06 21:57:59.373,-48,180,0
Node_A,AE:F7:83:9A:A9:52:C5:CD,Node_B,66:3D:FF:91:0C:09:14:A5,2026-03-06 21:57:59.474,-48,180,0
Node_A,AE:F7:83:9A:A9:52:C5:CD,Node_B,66:3D:FF:91:0C:09:14:A5,2026-03-06 21:57:59.575,-48,180,0
Node_A,AE:F7:83:9A:A9:52:C5:CD,Node_B,66:3D:FF:91:0C:09:14:A5,2026-03-06 21:57:59.675,-48,180,0
Node_A,AE:F7:83:9A:A9:52:C5:CD,Node_B,66:3D:FF:91:0C:09:14:A5,2026-03-06 21:57:59.775,-48,180,0
Node_A,AE:F7:83:9A:A9:52:C5:CD,Node_B,66:3D:FF:91:0C:09:14:A5,2026-03-06 21:57:59.876,-47,184,1
Node_A,AE:F7:83:9A:A9:52:C5:CD,Node_B,66:3D:FF:91:0C:09:14:A5,2026-03-06 21:57:59.974,-47,184,0
Node_A,AE:F7:83:9A:A9:52:C5:CD,Node_B,66:3D:FF:91:0C:09:14:A5,2026-03-06 21:58:00.076,-48,180,-1
Node_A,AE:F7:83:9A:A9:52:C5:CD,Node_B,66:3D:FF:91:0C:09:14:A5,2026-03-06 21:58:00.177,-48,180,0
Node_A,AE:F7:83:9A:A9:52:C5:CD,Node_B,66:3D:FF:91:0C:09:14:A5,2026-03-06 21:58:00.276,-48,180,0
Node_A,AE:F7:83:9A:A9:52:C5:CD,Node_B,66:3D:FF:91:0C:09:14:A5,2026-03-06 21:58:00.377,-48,180,0
Node_A,AE:F7:83:9A:A9:52:C5:CD,Node_B,66:3D:FF:91:0C:09:14:A5,2026-03-06 21:58:00.477,-48,180,0
Node_A,AE:F7:83:9A:A9:52:C5:CD,Node_B,66:3D:FF:91:0C:09:14:A5,2026-03-06 21:58:00.578,-48,180,0
Node_A,AE:F7:83:9A:A9:52:C5:CD,Node_B,66:3D:FF:91:0C:09:14:A5,2026-03-06 21:58:00.676,-48,180,0
Node_A,AE:F7:83:9A:A9:52:C5:CD,Node_B,66:3D:FF:91:0C:09:14:A5,2026-03-06 21:58:00.777,-48,180,0
Node_A,AE:F7:83:9A:A9:52:C5:CD,Node_B,66:3D:FF:91:0C:09:14:A5,2026-03-06 21:58:00.878,-48,180,0
Node_A,AE:F7:83:9A:A9:52:C5:CD,Node_B,66:3D:FF:91:0C:09:14:A5,2026-03-06 21:58:00.979,-48,180,0
Node_A,AE:F7:83:9A:A9:52:C5:CD,Node_B,66:3D:FF:91:0C:09:14:A5,2026-03-06 21:58:01.079,-48,180,0
Node_A,AE:F7:83:9A:A9:52:C5:CD,Node_B,66:3D:FF:91:0C:09:14:A5,2026-03-06 21:58:01.180,-48,180,0
Node_A,AE:F7:83:9A:A9:52:C5:CD,Node_B,66:3D:FF:91:0C:09:14:A5,2026-03-06 21:58:01.279,-48,180,0
Node_A,AE:F7:83:9A:A9:52:C5:CD,Node_B,66:3D:FF:91:0C:09:14:A5,2026-03-06 21:58:01.379,-48,180,0
Node_A,AE:F7:83:9A:A9:52:C5:CD,Node_B,66:3D:FF:91:0C:09:14:A5,2026-03-06 21:58:01.481,-48,180,0
Node_A,AE:F7:83:9A:A9:52:C5:CD,Node_B,66:3D:FF:91:0C:09:14:A5,2026-03-06 21:58:01.580,-48,180,0
Node_A,AE:F7:83:9A:A9:52:C5:CD,Node_B,66:3D:FF:91:0C:09:14:A5,2026-03-06 21:58:01.681,-48,180,0
Node_A,AE:F7:83:9A:A9:52:C5:CD,Node_B,66:3D:FF:91:0C:09:14:A5,2026-03-06 21:58:01.781,-48,180,0
Node_A,AE:F7:83:9A:A9:52:C5:CD,Node_B,66:3D:FF:91:0C:09:14:A5,2026-03-06 21:58:01.880,-47,184,1
Node_A,AE:F7:83:9A:A9:52:C5:CD,Node_B,66:3D:FF:91:0C:09:14:A5,2026-03-06 21:58:01.982,-48,180,-1
Node_A,AE:F7:83:9A:A9:52:C5:CD,Node_B,66:3D:FF:91:0C:09:14:A5,2026-03-06 21:58:02.081,-48,180,0
Node_A,AE:F7:83:9A:A9:52:C5:CD,Node_B,66:3D:FF:91:0C:09:14:A5,2026-03-06 21:58:02.183,-48,180,0
Node_A,AE:F7:83:9A:A9:52:C5:CD,Node_B,66:3D:FF:91:0C:09:14:A5,2026-03-06 21:58:02.281,-48,180,0
Node_A,AE:F7:83:9A:A9:52:C5:CD,Node_B,66:3D:FF:91:0C:09:14:A5,2026-03-06 21:58:02.383,-48,180,0
Node_A,AE:F7:83:9A:A9:52:C5:CD,Node_B,66:3D:FF:91:0C:09:14:A5,2026-03-06 21:58:02.483,-48,180,0
Node_A,AE:F7:83:9A:A9:52:C5:CD,Node_B,66:3D:FF:91:0C:09:14:A5,2026-03-06 21:58:02.584,-48,180,0
Node_A,AE:F7:83:9A:A9:52:C5:CD,Node_B,66:3D:FF:91:0C:09:14:A5,2026-03-06 21:58:02.684,-48,180,0
Node_A,AE:F7:83:9A:A9:52:C5:CD,Node_B,66:3D:FF:91:0C:09:14:A5,2026-03-06 21:58:02.783,-48,180,0
Node_A,AE:F7:83:9A:A9:52:C5:CD,Node_B,66:3D:FF:91:0C:09:14:A5,2026-03-06 21:58:02.883,-48,180,0
Node_A,AE:F7:83:9A:A9:52:C5:CD,Node_B,66:3D:FF:91:0C:09:14:A5,2026-03-06 21:58:02.985,-48,180,0
Node_A,AE:F7:83:9A:A9:52:C5:CD,Node_B,66:3D:FF:91:0C:09:14:A5,2026-03-06 21:58:03.085,-48,180,0
Node_A,AE:F7:83:9A:A9:52:C5:CD,Node_B,66:3D:FF:91:0C:09:14:A5,2026-03-06 21:58:03.187,-48,180,0
Node_A,AE:F7:83:9A:A9:52:C5:CD,Node_B,66:3D:FF:91:0C:09:14:A5,2026-03-06 21:58:03.287,-48,180,0
Node_A,AE:F7:83:9A:A9:52:C5:CD,Node_B,66:3D:FF:91:0C:09:14:A5,2026-03-06 21:58:03.385,-48,180,0
Node_A,AE:F7:83:9A:A9:52:C5:CD,Node_B,66:3D:FF:91:0C:09:14:A5,2026-03-06 21:58:03.486,-48,180,0
Node_A,AE:F7:83:9A:A9:52:C5:CD,Node_B,66:3D:FF:91:0C:09:14:A5,2026-03-06 21:58:03.587,-48,180,0
Node_A,AE:F7:83:9A:A9:52:C5:CD,Node_B,66:3D:FF:91:0C:09:14:A5,2026-03-06 21:58:03.688,-48,180,0
Node_A,AE:F7:83:9A:A9:52:C5:CD,Node_B,66:3D:FF:91:0C:09:14:A5,2026-03-06 21:58:03.787,-48,180,0
Node_A,AE:F7:83:9A:A9:52:C5:CD,Node_B,66:3D:FF:91:0C:09:14:A5,2026-03-06 21:58:03.887,-48,180,0
Node_A,AE:F7:83:9A:A9:52:C5:CD,Node_B,66:3D:FF:91:0C:09:14:A5,2026-03-06 21:58:03.989,-48,180,0
Node_A,AE:F7:83:9A:A9:52:C5:CD,Node_B,66:3D:FF:91:0C:09:14:A5,2026-03-06 21:58:04.089,-48,180,0
Node_A,AE:F7:83:9A:A9:52:C5:CD,Node_B,66:3D:FF:91:0C:09:14:A5,2026-03-06 21:58:04.188,-48,180,0
Node_A,AE:F7:83:9A:A9:52:C5:CD,Node_B,66:3D:FF:91:0C:09:14:A5,2026-03-06 21:58:04.289,-48,180,0
Node_A,AE:F7:83:9A:A9:52:C5:CD,Node_B,66:3D:FF:91:0C:09:14:A5,2026-03-06 21:58:04.388,-48,180,0
Node_A,AE:F7:83:9A:A9:52:C5:CD,Node_B,66:3D:FF:91:0C:09:14:A5,2026-03-06 21:58:04.490,-48,180,0
Node_A,AE:F7:83:9A:A9:52:C5:CD,Node_B,66:3D:FF:91:0C:09:14:A5,2026-03-06 21:58:04.588,-48,180,0
Node_A,AE:F7:83:9A:A9:52:C5:CD,Node_B,66:3D:FF:91:0C:09:14:A5,2026-03-06 21:58:04.688,-48,180,0
Node_A,AE:F7:83:9A:A9:52:C5:CD,Node_B,66:3D:FF:91:0C:09:14:A5,2026-03-06 21:58:04.790,-48,180,0
Node_A,AE:F7:83:9A:A9:52:C5:CD,Node_B,66:3D:FF:91:0C:09:14:A5,2026-03-06 21:58:04.891,-48,180,0
Node_A,AE:F7:83:9A:A9:52:C5:CD,Node_B,66:3D:FF:91:0C:09:14:A5,2026-03-06 21:58:04.991,-48,180,0
Node_A,AE:F7:83:9A:A9:52:C5:CD,Node_B,66:3D:FF:91:0C:09:14:A5,2026-03-06 21:58:05.091,-48,180,0
Node_A,AE:F7:83:9A:A9:52:C5:CD,Node_B,66:3D:FF:91:0C:09:14:A5,2026-03-06 21:58:05.191,-48,180,0
Node_A,AE:F7:83:9A:A9:52:C5:CD,Node_B,66:3D:FF:91:0C:09:14:A5,2026-03-06 21:58:05.291,-48,180,0
Node_A,AE:F7:83:9A:A9:52:C5:CD,Node_B,66:3D:FF:91:0C:09:14:A5,2026-03-06 21:58:05.392,-48,180,0
Node_A,AE:F7:83:9A:A9:52:C5:CD,Node_B,66:3D:FF:91:0C:09:14:A5,2026-03-06 21:58:05.491,-48,180,0
Node_A,AE:F7:83:9A:A9:52:C5:CD,Node_B,66:3D:FF:91:0C:09:14:A5,2026-03-06 21:58:05.594,-48,180,0
Node_A,AE:F7:83:9A:A9:52:C5:CD,Node_B,66:3D:FF:91:0C:09:14:A5,2026-03-06 21:58:05.694,-48,180,0
Node_A,AE:F7:83:9A:A9:52:C5:CD,Node_B,66:3D:FF:91:0C:09:14:A5,2026-03-06 21:58:05.795,-48,180,0
Node_A,AE:F7:83:9A:A9:52:C5:CD,Node_B,66:3D:FF:91:0C:09:14:A5,2026-03-06 21:58:05.893,-48,180,0
Node_A,AE:F7:83:9A:A9:52:C5:CD,Node_B,66:3D:FF:91:0C:09:14:A5,2026-03-06 21:58:05.994,-48,180,0
Node_A,AE:F7:83:9A:A9:52:C5:CD,Node_B,66:3D:FF:91:0C:09:14:A5,2026-03-06 21:58:06.095,-48,180,0
Node_A,AE:F7:83:9A:A9:52:C5:CD,Node_B,66:3D:FF:91:0C:09:14:A5,2026-03-06 21:58:06.194,-48,180,0
Node_A,AE:F7:83:9A:A9:52:C5:CD,Node_B,66:3D:FF:91:0C:09:14:A5,2026-03-06 21:58:06.294,-48,180,0
Node_A,AE:F7:83:9A:A9:52:C5:CD,Node_B,66:3D:FF:91:0C:09:14:A5,2026-03-06 21:58:06.394,-48,180,0
Node_A,AE:F7:83:9A:A9:52:C5:CD,Node_B,66:3D:FF:91:0C:09:14:A5,2026-03-06 21:58:06.495,-48,180,0
Node_A,AE:F7:83:9A:A9:52:C5:CD,Node_B,66:3D:FF:91:0C:09:14:A5,2026-03-06 21:58:06.594,-48,180,0
Node_A,AE:F7:83:9A:A9:52:C5:CD,Node_B,66:3D:FF:91:0C:09:14:A5,2026-03-06 21:58:06.695,-48,180,0
Node_A,AE:F7:83:9A:A9:52:C5:CD,Node_B,66:3D:FF:91:0C:09:14:A5,2026-03-06 21:58:06.797,-48,180,0
Node_A,AE:F7:83:9A:A9:52:C5:CD,Node_B,66:3D:FF:91:0C:09:14:A5,2026-03-06 21:58:06.897,-48,180,0
Node_A,AE:F7:83:9A:A9:52:C5:CD,Node_B,66:3D:FF:91:0C:09:14:A5,2026-03-06 21:58:06.997,-48,180,0
Node_A,AE:F7:83:9A:A9:52:C5:CD,Node_B,66:3D:FF:91:0C:09:14:A5,2026-03-06 21:58:07.098,-48,180,0
Node_A,AE:F7:83:9A:A9:52:C5:CD,Node_B,66:3D:FF:91:0C:09:14:A5,2026-03-06 21:58:07.197,-48,180,0
Node_A,AE:F7:83:9A:A9:52:C5:CD,Node_B,66:3D:FF:91:0C:09:14:A5,2026-03-06 21:58:07.297,-48,180,0
Node_A,AE:F7:83:9A:A9:52:C5:CD,Node_B,66:3D:FF:91:0C:09:14:A5,2026-03-06 21:58:07.400,-48,180,0
Node_A,AE:F7:83:9A:A9:52:C5:CD,Node_B,66:3D:FF:91:0C:09:14:A5,2026-03-06 21:58:07.499,-48,180,0
Node_A,AE:F7:83:9A:A9:52:C5:CD,Node_B,66:3D:FF:91:0C:09:14:A5,2026-03-06 21:58:07.598,-48,180,0
Node_A,AE:F7:83:9A:A9:52:C5:CD,Node_B,66:3D:FF:91:0C:09:14:A5,2026-03-06 21:58:07.700,-48,180,0
Node_A,AE:F7:83:9A:A9:52:C5:CD,Node_B,66:3D:FF:91:0C:09:14:A5,2026-03-06 21:58:07.799,-48,180,0
Node_A,AE:F7:83:9A:A9:52:C5:CD,Node_B,66:3D:FF:91:0C:09:14:A5,2026-03-06 21:58:07.900,-48,180,0
Node_A,AE:F7:83:9A:A9:52:C5:CD,Node_B,66:3D:FF:91:0C:09:14:A5,2026-03-06 21:58:08.001,-48,180,0
Node_A,AE:F7:83:9A:A9:52:C5:CD,Node_B,66:3D:FF:91:0C:09:14:A5,2026-03-06 21:58:08.101,-48,180,0
Node_A,AE:F7:83:9A:A9:52:C5:CD,Node_B,66:3D:FF:91:0C:09:14:A5,2026-03-06 21:58:08.200,-48,180,0
Node_A,AE:F7:83:9A:A9:52:C5:CD,Node_B,66:3D:FF:91:0C:09:14:A5,2026-03-06 21:58:08.300,-48,180,0
Node_A,AE:F7:83:9A:A9:52:C5:CD,Node_B,66:3D:FF:91:0C:09:14:A5,2026-03-06 21:58:08.400,-48,180,0
Node_A,AE:F7:83:9A:A9:52:C5:CD,Node_B,66:3D:FF:91:0C:09:14:A5,2026-03-06 21:58:08.502,-48,180,0
Node_A,AE:F7:83:9A:A9:52:C5:CD,Node_B,66:3D:FF:91:0C:09:14:A5,2026-03-06 21:58:08.601,-48,180,0
Node_A,AE:F7:83:9A:A9:52:C5:CD,Node_B,66:3D:FF:91:0C:09:14:A5,2026-03-06 21:58:08.702,-48,180,0
Node_A,AE:F7:83:9A:A9:52:C5:CD,Node_B,66:3D:FF:91:0C:09:14:A5,2026-03-06 21:58:08.803,-48,180,0
Node_A,AE:F7:83:9A:A9:52:C5:CD,Node_B,66:3D:FF:91:0C:09:14:A5,2026-03-06 21:58:08.902,-48,180,0
Node_A,AE:F7:83:9A:A9:52:C5:CD,Node_B,66:3D:FF:91:0C:09:14:A5,2026-03-06 21:58:09.004,-48,180,0
Node_A,AE:F7:83:9A:A9:52:C5:CD,Node_B,66:3D:FF:91:0C:09:14:A5,2026-03-06 21:58:09.103,-48,180,0
Node_A,AE:F7:83:9A:A9:52:C5:CD,Node_B,66:3D:FF:91:0C:09:14:A5,2026-03-06 21:58:09.205,-48,180,0
Node_A,AE:F7:83:9A:A9:52:C5:CD,Node_B,66:3D:FF:91:0C:09:14:A5,2026-03-06 21:58:09.304,-48,180,0
Node_A,AE:F7:83:9A:A9:52:C5:CD,Node_B,66:3D:FF:91:0C:09:14:A5,2026-03-06 21:58:09.406,-48,180,0
Node_A,AE:F7:83:9A:A9:52:C5:CD,Node_B,66:3D:FF:91:0C:09:14:A5,2026-03-06 21:58:09.506,-48,180,0
Node_A,AE:F7:83:9A:A9:52:C5:CD,Node_B,66:3D:FF:91:0C:09:14:A5,2026-03-06 21:58:09.605,-48,180,0
Node_A,AE:F7:83:9A:A9:52:C5:CD,Node_B,66:3D:FF:91:0C:09:14:A5,2026-03-06 21:58:09.706,-48,180,0
Node_A,AE:F7:83:9A:A9:52:C5:CD,Node_B,66:3D:FF:91:0C:09:14:A5,2026-03-06 21:58:09.806,-48,180,0
Node_A,AE:F7:83:9A:A9:52:C5:CD,Node_B,66:3D:FF:91:0C:09:14:A5,2026-03-06 21:58:09.907,-48,180,0
Node_A,AE:F7:83:9A:A9:52:C5:CD,Node_B,66:3D:FF:91:0C:09:14:A5,2026-03-06 21:58:10.007,-48,180,0
Node_A,AE:F7:83:9A:A9:52:C5:CD,Node_B,66:3D:FF:91:0C:09:14:A5,2026-03-06 21:58:10.107,-48,180,0
Node_A,AE:F7:83:9A:A9:52:C5:CD,Node_B,66:3D:FF:91:0C:09:14:A5,2026-03-06 21:58:10.208,-48,180,0
Node_A,AE:F7:83:9A:A9:52:C5:CD,Node_B,66:3D:FF:91:0C:09:14:A5,2026-03-06 21:58:10.306,-48,180,0
Node_A,AE:F7:83:9A:A9:52:C5:CD,Node_B,66:3D:FF:91:0C:09:14:A5,2026-03-06 21:58:10.406,-48,180,0
Node_A,AE:F7:83:9A:A9:52:C5:CD,Node_B,66:3D:FF:91:0C:09:14:A5,2026-03-06 21:58:10.508,-48,180,0
Node_A,AE:F7:83:9A:A9:52:C5:CD,Node_B,66:3D:FF:91:0C:09:14:A5,2026-03-06 21:58:10.609,-48,180,0
Node_A,AE:F7:83:9A:A9:52:C5:CD,Node_B,66:3D:FF:91:0C:09:14:A5,2026-03-06 21:58:10.707,-48,180,0
Node_A,AE:F7:83:9A:A9:52:C5:CD,Node_B,66:3D:FF:91:0C:09:14:A5,2026-03-06 21:58:10.808,-48,180,0
Node_A,AE:F7:83:9A:A9:52:C5:CD,Node_B,66:3D:FF:91:0C:09:14:A5,2026-03-06 21:58:10.908,-48,180,0
Node_A,AE:F7:83:9A:A9:52:C5:CD,Node_B,66:3D:FF:91:0C:09:14:A5,2026-03-06 21:58:11.008,-48,180,0
Node_A,AE:F7:83:9A:A9:52:C5:CD,Node_B,66:3D:FF:91:0C:09:14:A5,2026-03-06 21:58:11.109,-48,180,0
Node_A,AE:F7:83:9A:A9:52:C5:CD,Node_B,66:3D:FF:91:0C:09:14:A5,2026-03-06 21:58:11.209,-48,180,0
Node_A,AE:F7:83:9A:A9:52:C5:CD,Node_B,66:3D:FF:91:0C:09:14:A5,2026-03-06 21:58:11.311,-48,180,0
Node_A,AE:F7:83:9A:A9:52:C5:CD,Node_B,66:3D:FF:91:0C:09:14:A5,2026-03-06 21:58:11.409,-48,180,0
Node_A,AE:F7:83:9A:A9:52:C5:CD,Node_B,66:3D:FF:91:0C:09:14:A5,2026-03-06 21:58:11.510,-48,180,0
Node_A,AE:F7:83:9A:A9:52:C5:CD,Node_B,66:3D:FF:91:0C:09:14:A5,2026-03-06 21:58:11.611,-48,180,0
Node_A,AE:F7:83:9A:A9:52:C5:CD,Node_B,66:3D:FF:91:0C:09:14:A5,2026-03-06 21:58:11.711,-48,180,0
Node_A,AE:F7:83:9A:A9:52:C5:CD,Node_B,66:3D:FF:91:0C:09:14:A5,2026-03-06 21:58:11.811,-48,180,0
Node_A,AE:F7:83:9A:A9:52:C5:CD,Node_B,66:3D:FF:91:0C:09:14:A5,2026-03-06 21:58:11.912,-48,180,0
Node_A,AE:F7:83:9A:A9:52:C5:CD,Node_B,66:3D:FF:91:0C:09:14:A5,2026-03-06 21:58:12.012,-48,180,0
Node_A,AE:F7:83:9A:A9:52:C5:CD,Node_B,66:3D:FF:91:0C:09:14:A5,2026-03-06 21:58:12.112,-48,180,0
Node_A,AE:F7:83:9A:A9:52:C5:CD,Node_B,66:3D:FF:91:0C:09:14:A5,2026-03-06 21:58:12.213,-48,180,0
Node_A,AE:F7:83:9A:A9:52:C5:CD,Node_B,66:3D:FF:91:0C:09:14:A5,2026-03-06 21:58:12.311,-48,180,0
Node_A,AE:F7:83:9A:A9:52:C5:CD,Node_B,66:3D:FF:91:0C:09:14:A5,2026-03-06 21:58:12.414,-48,180,0
Node_A,AE:F7:83:9A:A9:52:C5:CD,Node_B,66:3D:FF:91:0C:09:14:A5,2026-03-06 21:58:12.515,-48,180,0
Node_A,AE:F7:83:9A:A9:52:C5:CD,Node_B,66:3D:FF:91:0C:09:14:A5,2026-03-06 21:58:12.613,-48,180,0
Node_A,AE:F7:83:9A:A9:52:C5:CD,Node_B,66:3D:FF:91:0C:09:14:A5,2026-03-06 21:58:12.715,-48,180,0
Node_A,AE:F7:83:9A:A9:52:C5:CD,Node_B,66:3D:FF:91:0C:09:14:A5,2026-03-06 21:58:12.815,-48,180,0
Node_A,AE:F7:83:9A:A9:52:C5:CD,Node_B,66:3D:FF:91:0C:09:14:A5,2026-03-06 21:58:12.916,-48,180,0
Node_A,AE:F7:83:9A:A9:52:C5:CD,Node_B,66:3D:FF:91:0C:09:14:A5,2026-03-06 21:58:13.016,-48,180,0
Node_A,AE:F7:83:9A:A9:52:C5:CD,Node_B,66:3D:FF:91:0C:09:14:A5,2026-03-06 21:58:13.115,-48,180,0
Node_A,AE:F7:83:9A:A9:52:C5:CD,Node_B,66:3D:FF:91:0C:09:14:A5,2026-03-06 21:58:13.216,-48,180,0
Node_A,AE:F7:83:9A:A9:52:C5:CD,Node_B,66:3D:FF:91:0C:09:14:A5,2026-03-06 21:58:13.317,-48,180,0
Node_A,AE:F7:83:9A:A9:52:C5:CD,Node_B,66:3D:FF:91:0C:09:14:A5,2026-03-06 21:58:13.417,-48,180,0
Node_A,AE:F7:83:9A:A9:52:C5:CD,Node_B,66:3D:FF:91:0C:09:14:A5,2026-03-06 21:58:13.517,-47,184,1
Node_A,AE:F7:83:9A:A9:52:C5:CD,Node_B,66:3D:FF:91:0C:09:14:A5,2026-03-06 21:58:13.618,-48,180,-1
Node_A,AE:F7:83:9A:A9:52:C5:CD,Node_B,66:3D:FF:91:0C:09:14:A5,2026-03-06 21:58:13.718,-48,180,0
Node_A,AE:F7:83:9A:A9:52:C5:CD,Node_B,66:3D:FF:91:0C:09:14:A5,2026-03-06 21:58:13.817,-47,184,1
Node_A,AE:F7:83:9A:A9:52:C5:CD,Node_B,66:3D:FF:91:0C:09:14:A5,2026-03-06 21:58:13.919,-48,180,-1
Node_A,AE:F7:83:9A:A9:52:C5:CD,Node_B,66:3D:FF:91:0C:09:14:A5,2026-03-06 21:58:14.018,-47,184,1
Node_A,AE:F7:83:9A:A9:52:C5:CD,Node_B,66:3D:FF:91:0C:09:14:A5,2026-03-06 21:58:14.118,-48,180,-1
Node_A,AE:F7:83:9A:A9:52:C5:CD,Node_B,66:3D:FF:91:0C:09:14:A5,2026-03-06 21:58:14.220,-47,184,1
Node_A,AE:F7:83:9A:A9:52:C5:CD,Node_B,66:3D:FF:91:0C:09:14:A5,2026-03-06 21:58:14.318,-48,180,-1
Node_A,AE:F7:83:9A:A9:52:C5:CD,Node_B,66:3D:FF:91:0C:09:14:A5,2026-03-06 21:58:14.419,-47,184,1
Node_A,AE:F7:83:9A:A9:52:C5:CD,Node_B,66:3D:FF:91:0C:09:14:A5,2026-03-06 21:58:14.519,-47,184,0
Node_A,AE:F7:83:9A:A9:52:C5:CD,Node_B,66:3D:FF:91:0C:09:14:A5,2026-03-06 21:58:14.621,-47,184,0
